Year,Feature_Name,Landcover_Class,Developable_Area_km2,Proportion,diff_prop,diff_dev
2015,Clallam County,Agriculture,96.74451,0.12040496195558714,-0.011085748044412879,-8.92629
2015,Clallam County,Forest,632.5633799999999,0.7872741425970184,0.011510084597018345,9.13068000000003
2015,Clallam County,High Intensity,3.04749,0.0037929682941125003,0.0013862842941125002,1.11339
2015,Clallam County,Low Intensity,31.19508,0.038824837492596145,0.002304617492596151,1.8460799999999995
2015,Clallam County,Medium Intensity,14.265539999999998,0.01775492594856664,0.0038982969485666387,3.12984
2015,Clallam County,Open Space,25.6707,0.031948163712119074,-0.008013535287880933,-6.443999999999998
2015,Island County,Agriculture,66.65472,0.1664131734944909,-0.007503092505509115,-3.029579999999995
2015,Island County,Forest,247.19940000000003,0.617159635189742,0.03208606118974201,12.773699999999995
2015,Island County,High Intensity,1.9172699999999998,0.0047864385733215106,0.00178102757332151,0.7130700000000001
2015,Island County,Low Intensity,30.552120000000002,0.07627669140757817,0.005638299407578186,2.248919999999999
2015,Island County,Medium Intensity,11.00934,0.02748577359567687,0.003334667595676871,1.3325399999999998
2015,Island County,Open Space,43.20684,0.10787828803919039,-0.035336962960809584,-14.176259999999996
2015,Jefferson County,Agriculture,25.84665,0.11868774161658432,0.0024521966165843346,0.5260500000000015
2015,Jefferson County,Forest,155.26296,0.7129647495951315,0.009292261595131367,1.9758599999999915
2015,Jefferson County,High Intensity,1.0863,0.00498851449750927,0.00207167749750927,0.4509
2015,Jefferson County,Low Intensity,12.82833,0.058907767537298227,0.0037068325372982313,0.8034299999999994
2015,Jefferson County,Medium Intensity,4.09401,0.01879983445216107,0.001980509452161071,0.43011000000000016
2015,Jefferson County,Open Space,18.65295,0.0856513921013156,-0.019503476898684396,-4.253850000000001
2015,King County,Agriculture,108.62828999999999,0.09747865494017371,-0.00614406705982629,-6.884009999999998
2015,King County,Forest,271.52091,0.24366644536615184,0.024363022366151843,27.054809999999986
2015,King County,High Intensity,77.4504,0.0695047723169549,0.007172250316954898,7.9659
2015,King County,Low Intensity,246.80592000000001,0.2214818601465885,0.010970629146588492,12.140820000000005
2015,King County,Medium Intensity,200.77236,0.180167959724849,-0.0003666602751510095,-0.4766399999999976
2015,King County,Open Space,209.18177999999997,0.18770030760528195,-0.03599517439471807,-40.18032
2015,Kitsap County,Agriculture,12.62628,0.02211048616813262,-0.0015075168318673786,-0.8638200000000003
2015,Kitsap County,Forest,343.78776,0.602015460186298,0.03314603318629812,18.861659999999983
2015,Kitsap County,High Intensity,5.55183,0.00972185411971111,0.0011501061197111096,0.6558300000000001
2015,Kitsap County,Low Intensity,70.33509000000001,0.12316586703623895,0.006706692036238943,3.816089999999994
2015,Kitsap County,Medium Intensity,23.97888,0.041990486840405676,-0.0002316761595943205,-0.1375199999999989
2015,Kitsap County,Open Space,114.7752,0.20099584574921345,-0.03926363825078656,-22.4559
2015,Mason County,Agriculture,31.086720000000003,0.030128778974074483,-0.0007936810259255182,-0.8317800000000013
2015,Mason County,Forest,929.96946,0.9013039300238124,0.006753311023812247,6.604559999999992
2015,Mason County,High Intensity,1.23003,0.00119202991758013,0.00028262291758013,0.29133
2015,Mason County,Low Intensity,26.23149,0.02542281265179868,0.0008191196517986804,0.8352900000000002
2015,Mason County,Medium Intensity,6.5195099999999995,0.006318487350646331,0.0004243433506463303,0.4355100000000002
2015,Mason County,Open Space,36.76464,0.03563396108208803,-0.007485714917911973,-7.743960000000001
2015,Pierce County,Agriculture,172.30536,0.08089951817129834,-0.008103600828701657,-17.294940000000004
2015,Pierce County,Forest,1406.7999,0.660515744775666,0.010934973775666046,23.020199999999953
2015,Pierce County,High Intensity,48.50685,0.0227750128172035,0.0038613168172034994,8.215649999999997
2015,Pierce County,Low Intensity,193.94279999999998,0.09105947429542072,0.0036372852954207223,7.710300000000009
2015,Pierce County,Medium Intensity,121.87521,0.05722243680487844,0.0019046918048784376,4.033710000000001
2015,Pierce County,Open Space,186.42356999999998,0.08752781333553282,-0.01223466666446718,-26.097030000000007
2015,San Juan County,Agriculture,70.68564,0.214889848663828,-0.004567171336172013,-1.5195600000000042
2015,San Juan County,Forest,235.20086999999998,0.715034751863435,0.0029100168634350275,0.8993699999999933
2015,San Juan County,High Intensity,0.21681,0.0006591957927705999,0.0002570897927706,0.08450999999999999
2015,San Juan County,Low Intensity,8.6526,0.02630704757955063,0.007656975579550629,2.5164000000000004
2015,San Juan County,Medium Intensity,1.51533,0.004607186605637,0.0013903366056370002,0.45693
2015,San Juan County,Open Space,12.665610000000001,0.03850196939477872,-0.0076472476052212805,-2.5182899999999995
2015,Skagit County,Agriculture,369.94743,0.5261403402623666,-0.002533776737633453,-1.8569699999999785
2015,Skagit County,Forest,227.06028,0.32292648630576787,0.012145714305767913,8.49528
2015,Skagit County,High Intensity,12.01221,0.01708386032284375,0.001280559322843751,0.8981099999999996
2015,Skagit County,Low Intensity,31.164569999999998,0.04432235097118351,0.0011854419711835081,0.8273700000000005
2015,Skagit County,Medium Intensity,19.63089,0.02791905822376025,-0.0002617257762397504,-0.18800999999999987
2015,Skagit County,Open Space,43.31916,0.06160790361407796,-0.011816213385922036,-8.318340000000003
2015,Snohomish County,Agriculture,275.60286,0.14991460873446583,-0.007858248265534168,-14.615640000000003
2015,Snohomish County,Forest,1057.8526200000001,0.5754202932805067,0.022608353280506734,40.97141999999995
2015,Snohomish County,High Intensity,35.9685,0.01956512650454105,0.00263144850454105,4.819499999999998
2015,Snohomish County,Low Intensity,137.30733,0.0746885873128256,0.005546730312825608,10.122930000000002
2015,Snohomish County,Medium Intensity,98.07561000000001,0.0533487502400931,0.0012374472400931021,2.218409999999994
2015,Snohomish County,Open Space,233.58780000000002,0.1270626338275676,-0.024165730172432405,-44.59229999999998
2015,Thurston County,Agriculture,116.39808000000001,0.21555468317314075,-0.0038806248268592443,-2.1337200000000025
2015,Thurston County,Forest,241.08147,0.4464313392209198,0.01581149822091981,8.474670000000007
2015,Thurston County,High Intensity,10.94274,0.02026158197682323,0.004937998976823231,2.6654399999999994
2015,Thurston County,Low Intensity,59.25366,0.10972933750846811,0.001761140508468108,0.9327599999999989
2015,Thurston County,Medium Intensity,35.0892,0.06497942261125263,0.002658741611252617,1.425599999999998
2015,Thurston County,Open Space,77.23359,0.1430436353093954,-0.021288754690604615,-11.533409999999995
2015,Whatcom County,Agriculture,504.79947000000004,0.5343800942293974,-0.005059573770602665,-4.876830000000029
2015,Whatcom County,Forest,291.51243,0.3085967234179308,0.011202728417930786,10.527029999999973
2015,Whatcom County,High Intensity,15.42447,0.01632857185545423,0.0019382938554542307,1.8281700000000007
2015,Whatcom County,Low Intensity,43.66629,0.04622570040376574,0.004448457403765741,4.194089999999999
2015,Whatcom County,Medium Intensity,26.703269999999996,0.02826796858960069,-0.00018395441039931044,-0.17883000000000138
2015,Whatcom County,Open Space,62.538120000000006,0.06620094160385112,-0.012345951396148885,-11.674979999999996
2025,Clallam County,Agriculture,85.6962,0.10666603933798897,-0.02482467066201105,-19.974600000000002
2025,Clallam County,Forest,646.76304,0.8050257988918685,0.029261740891868605,23.330340000000025
2025,Clallam County,High Intensity,4.79925,0.00597362531002354,0.00356694131002354,2.86515
2025,Clallam County,Low Intensity,33.28317,0.041427553619798406,0.004907333619798411,3.934169999999999
2025,Clallam County,Medium Intensity,19.16352,0.0238528286922213,0.0099961996922213,8.02782
2025,Clallam County,Open Space,13.701419999999999,0.01705415414809881,-0.022907544851901194,-18.413279999999997
2025,Island County,Agriculture,63.13635000000001,0.15760167505768116,-0.01631459094231885,-6.547949999999993
2025,Island County,Forest,268.42536,0.6700464370202125,0.0849728630202125,33.99965999999999
2025,Island County,High Intensity,2.9907,0.00746541935976666,0.004460008359766661,1.7865000000000002
2025,Island County,Low Intensity,33.27201,0.08305396983727943,0.012415577837279437,4.96881
2025,Island County,Medium Intensity,13.1166,0.03274180612375562,0.008590700123755622,3.4397999999999995
2025,Island County,Open Space,19.66608,0.04909069260130431,-0.09412455839869568,-37.71702
2025,Jefferson County,Agriculture,27.19422,0.12489015826303318,0.008654613263033182,1.8736200000000014
2025,Jefferson County,Forest,158.86971,0.7296132496207721,0.0259407616207721,5.582609999999988
2025,Jefferson County,High Intensity,1.8158400000000001,0.008339292135620919,0.0054224551356209195,1.18044
2025,Jefferson County,Low Intensity,13.750919999999999,0.06315145553217956,0.00795052053217956,1.7260199999999997
2025,Jefferson County,Medium Intensity,4.70664,0.02161536585668284,0.00479604085668284,1.04274
2025,Jefferson County,Open Space,11.40777,0.05239047859171107,-0.05276439040828892,-11.499030000000001
2025,King County,Agriculture,100.67913,0.09038286739700745,-0.01323985460299255,-14.833169999999996
2025,King County,Forest,310.9959,0.2791909424596041,0.05988751945960404,66.52979999999998
2025,King County,High Intensity,88.81857,0.079735264246938,0.017402742246938,19.334070000000004
2025,King County,Low Intensity,263.74608,0.2367732714329228,0.026262040432922806,29.080980000000004
2025,King County,Medium Intensity,201.14595,0.1805751373327828,4.0517332782799566e-05,-0.10304999999999893
2025,King County,Open Space,148.53267,0.13334251713074466,-0.09035296486925536,-100.82943
2025,Kitsap County,Agriculture,11.52648,0.020180863854174343,-0.0034371391458256585,-1.9636200000000001
2025,Kitsap County,Forest,374.34582,0.6554144914838935,0.08654506448389351,49.41971999999999
2025,Kitsap County,High Intensity,7.193160000000001,0.01259397341090189,0.00402222541090189,2.2971599999999994
2025,Kitsap County,Low Intensity,75.4857,0.13216234571500152,0.015703170715001515,8.966699999999992
2025,Kitsap County,Medium Intensity,24.18309,0.04234038898807315,0.00011822598807314997,0.06669000000000161
2025,Kitsap County,Open Space,78.42465,0.13730793654795534,-0.10295154745204467,-58.80645
2025,Mason County,Agriculture,30.060270000000003,0.02912465501981587,-0.001797804980184129,-1.8582300000000014
2025,Mason County,Forest,941.8068900000001,0.9124934927908408,0.017942873790840697,18.441989999999954
2025,Mason County,High Intensity,1.8972000000000002,0.0018381503394212303,0.0009287433394212299,0.9585000000000001
2025,Mason County,Low Intensity,26.76591,0.025932830777682297,0.0013291377776823003,1.36971
2025,Mason County,Medium Intensity,6.989579999999999,0.00677203186243513,0.0008778878624351304,0.9055800000000002
2025,Mason County,Open Space,24.60465,0.02383883920980459,-0.01928083679019541,-19.903950000000002
2025,Pierce County,Agriculture,150.63849,0.07073271639737341,-0.018270402602626586,-38.96181
2025,Pierce County,Forest,1438.7036400000002,0.675547242593768,0.025966471593768026,54.923939999999945
2025,Pierce County,High Intensity,60.207209999999996,0.02827046069040588,0.00935676469040588,19.916009999999996
2025,Pierce County,Low Intensity,205.04870999999997,0.09628118452380446,0.008858995523804463,18.816210000000012
2025,Pierce County,Medium Intensity,129.55626,0.06083349744201748,0.005515752442017479,11.714759999999998
2025,Pierce County,Open Space,145.53189,0.06833489835263051,-0.03142758164736949,-66.98871
2025,San Juan County,Agriculture,68.44401,0.20814158759179024,-0.011315432408209767,-3.7611900000000063
2025,San Juan County,Forest,237.40965,0.7219743767294066,0.00984964172940661,3.1081499999999975
2025,San Juan County,High Intensity,0.33065999999999995,0.0010055532595635,0.0006034472595635,0.19835999999999998
2025,San Juan County,Low Intensity,12.174209999999999,0.037022369044067485,0.01837229704406748,6.03801
2025,San Juan County,Medium Intensity,2.20176,0.00669566002775257,0.00347881002775257,1.14336
2025,San Juan County,Open Space,8.27361,0.02516045334741942,-0.020988763652580577,-6.910289999999999
2025,Skagit County,Agriculture,369.08820000000003,0.5249455979109598,-0.0037285190890402275,-2.7161999999999864
2025,Skagit County,Forest,240.82703999999998,0.3425227208724815,0.03174194887248151,22.262040000000006
2025,Skagit County,High Intensity,13.443119999999999,0.0191198382017869,0.003316537201786902,2.3290199999999994
2025,Skagit County,Low Intensity,31.684590000000004,0.0450642584675251,0.001927349467525099,1.3473900000000012
2025,Skagit County,Medium Intensity,19.22112,0.027337753769744698,-0.0008430302302553004,-0.5977799999999995
2025,Skagit County,Open Space,28.83393,0.04100983077750181,-0.03241428622249819,-22.80357
2025,Snohomish County,Agriculture,258.76134,0.14074595513851976,-0.01702690186148024,-31.45716000000001
2025,Snohomish County,Forest,1117.12023,0.6076261383401125,0.05481419834011249,100.23902999999996
2025,Snohomish County,High Intensity,44.491859999999996,0.02420009624153781,0.007266418241537809,13.342859999999996
2025,Snohomish County,Low Intensity,152.11944,0.08274109215053818,0.013599235150538177,24.935039999999997
2025,Snohomish County,Medium Intensity,105.0318,0.057129094365170496,0.005017791365170503,9.174599999999993
2025,Snohomish County,Open Space,160.97463,0.08755762376412105,-0.06367074023587896,-117.20546999999999
2025,Thurston County,Agriculture,112.50441000000001,0.208180507074529,-0.011254800925470992,-6.027390000000006
2025,Thurston County,Forest,254.22840000000002,0.4704295344933251,0.039809693493325124,21.6216
2025,Thurston County,High Intensity,15.40017,0.02849679581123926,0.01317321281123926,7.122869999999999
2025,Thurston County,Low Intensity,61.26939,0.11337415731834041,0.005405960318340416,2.9484899999999987
2025,Thurston County,Medium Intensity,38.817899999999995,0.07182945189053794,0.009508770890537928,5.154299999999997
2025,Thurston County,Open Space,58.19733,0.10768955341202797,-0.05664283658797202,-30.569669999999995
2025,Whatcom County,Agriculture,499.99149,0.5293657857023067,-0.010073882297693283,-9.684810000000033
2025,Whatcom County,Forest,307.59578999999997,0.32566691695507,0.028272921955069995,26.610389999999974
2025,Whatcom County,High Intensity,18.01728,0.019075787836745857,0.00468550983674586,4.42098
2025,Whatcom County,Low Intensity,49.765499999999996,0.05268920278696768,0.01091195978696768,10.293299999999999
2025,Whatcom County,Medium Intensity,26.19216,0.027730938695857597,-0.0007209843041424008,-0.6899400000000014
2025,Whatcom County,Open Space,42.94818,0.0454713680230519,-0.03307552497694811,-31.264919999999996
2035,Clallam County,Agriculture,84.97899,0.10577332822508548,-0.025717381774914543,-20.691810000000004
2035,Clallam County,Forest,646.87176,0.8051611226494778,0.029397064649477767,23.43906000000002
2035,Clallam County,High Intensity,5.25591,0.00654202990117328,0.00413534590117328,3.32181
2035,Clallam County,Low Intensity,33.49035,0.0416854305155073,0.0051652105155073,4.141349999999999
2035,Clallam County,Medium Intensity,19.59021,0.02438392963164599,0.010527300631645989,8.45451
2035,Clallam County,Open Space,13.219380000000001,0.01645415907710985,-0.023507539922890154,-18.895319999999998
2035,Island County,Agriculture,63.24786,0.15788002758812808,-0.01603623841187193,-6.436439999999995
2035,Island County,Forest,268.0056,0.6689986273333648,0.0839250533333647,33.579899999999995
2035,Island County,High Intensity,3.07647,0.0076795194094163,0.0046741084094163,1.8722699999999999
2035,Island County,Low Intensity,32.95908,0.08227283041164268,0.011634438411642686,4.65588
2035,Island County,Medium Intensity,13.96413,0.034857420150566434,0.01070631415056644,4.28733
2035,Island County,Open Space,19.35396,0.04831157510688147,-0.09490367589311852,-38.02914
2035,Jefferson County,Agriculture,27.148770000000003,0.12468142796324688,0.008445882963246883,1.8281700000000018
2035,Jefferson County,Forest,159.29667,0.7315740744567846,0.027901586456784477,6.009569999999988
2035,Jefferson County,High Intensity,1.96902,0.009042775244999721,0.00612593824499972,1.3336200000000002
2035,Jefferson County,Low Intensity,13.530510000000001,0.062139216910047514,0.0069382819100475114,1.5056099999999994
2035,Jefferson County,Medium Intensity,4.73697,0.02175465716564914,0.004935332165649141,1.07307
2035,Jefferson County,Open Space,11.06316,0.05080784825927191,-0.05434702074072808,-11.84364
2035,King County,Agriculture,100.32462000000001,0.09006461245856176,-0.01355810954143823,-15.187679999999995
2035,King County,Forest,306.31931999999995,0.2749926273767115,0.05568920437671152,61.853219999999986
2035,King County,High Intensity,89.82378,0.08063767333744312,0.01830515133744311,20.339280000000002
2035,King County,Low Intensity,264.21453,0.23719381394488265,0.026682582944882627,29.54943
2035,King County,Medium Intensity,203.78061,0.18294035567958616,0.0024057356795861517,2.5316100000000006
2035,King County,Open Space,149.45544,0.13417091720281454,-0.08952456479718546,-99.90666000000002
2035,Kitsap County,Agriculture,11.3193,0.01981812766990057,-0.003799875330099429,-2.1708
2035,Kitsap County,Forest,372.90753,0.6528962955842935,0.0840268685842936,47.98142999999998
2035,Kitsap County,High Intensity,7.579890000000001,0.013271070449922021,0.0046993224499220195,2.6838899999999994
2035,Kitsap County,Low Intensity,76.19985,0.13341269828763935,0.016953523287639344,9.680849999999992
2035,Kitsap County,Medium Intensity,24.52689,0.04294232305580807,0.0007201600558080695,0.41049000000000185
2035,Kitsap County,Open Space,78.62544,0.13765948495243613,-0.10259999904756387,-58.60566
2035,Mason County,Agriculture,29.534039999999997,0.028614803737339788,-0.0023076562626602086,-2.3844600000000016
2035,Mason County,Forest,942.30288,0.912974045282328,0.018423426282327925,18.93797999999996
2035,Mason County,High Intensity,2.3788799999999997,0.00230483822445834,0.0013954312244583399,1.44018
2035,Mason County,Low Intensity,26.30412,0.02548541382362297,0.0008817208236229709,0.9079200000000001
2035,Mason County,Medium Intensity,7.28334,0.00705664868918425,0.0011625046891842502,1.19934
2035,Mason County,Open Space,24.32124,0.023564250243066548,-0.019555425756933455,-20.18736
2035,Pierce County,Agriculture,148.45779,0.06970876272757927,-0.019294356272420744,-41.14251
2035,Pierce County,Forest,1428.6707099999999,0.6708362527775218,0.02125548177752181,44.891009999999916
2035,Pierce County,High Intensity,63.23859,0.02969385348883789,0.010780157488837889,22.947389999999995
2035,Pierce County,Low Intensity,206.29962,0.09686855274734837,0.009446363747348372,20.06712000000001
2035,Pierce County,Medium Intensity,137.28951,0.06446466620293632,0.009146921202936328,19.448010000000004
2035,Pierce County,Open Space,145.72998,0.06842791205577606,-0.03133456794422394,-66.79062
2035,San Juan County,Agriculture,68.20721999999999,0.20742149760106848,-0.012035522398931525,-3.9979800000000068
2035,San Juan County,Forest,238.07124,0.7239863043317614,0.01186156933176149,3.769739999999996
2035,San Juan County,High Intensity,0.3312,0.001007195426019,0.0006050894260190001,0.1989
2035,San Juan County,Low Intensity,11.91285,0.03622756047962204,0.01757748847962204,5.776650000000001
2035,San Juan County,Medium Intensity,2.2419000000000002,0.00681772773427553,0.0036008777342755303,1.1835
2035,San Juan County,Open Space,8.06949,0.02453971442725336,-0.021609502572746637,-7.1144099999999995
2035,Skagit County,Agriculture,368.95455,0.5247555106116075,-0.003918606388392509,-2.8498499999999978
2035,Skagit County,Forest,239.82705,0.34110045825759705,0.030319686257597084,21.262050000000002
2035,Skagit County,High Intensity,13.76118,0.01957220757277075,0.003768906572770752,2.647079999999999
2035,Skagit County,Low Intensity,31.72878,0.04512710888098098,0.0019901998809809794,1.3915800000000007
2035,Skagit County,Medium Intensity,19.76589,0.028112567522592814,-6.821647740719028e-05,-0.05300999999999938
2035,Skagit County,Open Space,29.06055,0.041332147154450674,-0.03209196984554933,-22.576950000000004
2035,Snohomish County,Agriculture,256.04325,0.13926752650925672,-0.01850533049074325,-34.175250000000005
2035,Snohomish County,Forest,1108.78614,0.6030930444194349,0.05028110441943493,91.90493999999997
2035,Snohomish County,High Intensity,47.11671,0.025627809594488238,0.008694131594488239,15.96771
2035,Snohomish County,Low Intensity,153.54144,0.08351454906727454,0.014372692067274548,26.357039999999994
2035,Snohomish County,Medium Intensity,112.9617,0.06144234050021119,0.009331037500211192,17.104499999999994
2035,Snohomish County,Open Space,160.05005999999997,0.08705472990933416,-0.06417363409066584,-118.13003999999998
2035,Thurston County,Agriculture,109.69973999999999,0.20299068720189717,-0.016444620798102817,-8.832060000000004
2035,Thurston County,Forest,249.14277,0.4610189786565056,0.030399137656505603,16.535970000000002
2035,Thurston County,High Intensity,17.194319999999998,0.03181672839670649,0.016493145396706488,8.917019999999999
2035,Thurston County,Low Intensity,63.21536999999999,0.11697503930293902,0.009006842302939019,4.894469999999998
2035,Thurston County,Medium Intensity,42.94071,0.07945838551520153,0.017137704515201524,9.277109999999997
2035,Thurston County,Open Space,58.224689999999995,0.10774018092674993,-0.056592209073250056,-30.542309999999997
2035,Whatcom County,Agriculture,498.36537,0.5276441318168651,-0.011795536183134881,-11.310930000000024
2035,Whatcom County,Forest,305.41041,0.32335314677318533,0.025959151773185297,24.425009999999975
2035,Whatcom County,High Intensity,18.93924,0.0200519126099617,0.0056616346099617005,5.3429400000000005
2035,Whatcom County,Low Intensity,50.94567,0.05393870729215892,0.012161464292158922,11.473469999999999
2035,Whatcom County,Medium Intensity,27.700470000000003,0.02932786129194549,0.000875938291945489,0.8183699999999984
2035,Whatcom County,Open Space,43.14924,0.045684240215883236,-0.03286265278411677,-31.06386
2045,Clallam County,Agriculture,84.16161,0.1047559355374974,-0.02673477446250261,-21.50919
2045,Clallam County,Forest,647.2053,0.8055762798065139,0.029812221806513807,23.772600000000022
2045,Clallam County,High Intensity,5.730659999999999,0.00713295111093182,0.00472626711093182,3.7965599999999995
2045,Clallam County,Low Intensity,33.171839999999996,0.041288981195822846,0.00476876119582285,3.8228399999999993
2045,Clallam County,Medium Intensity,20.394,0.025384406849532932,0.01152777784953293,9.2583
2045,Clallam County,Open Space,12.74319,0.015861445499700838,-0.024100253500299162,-19.37151
2045,Island County,Agriculture,63.029610000000005,0.15733522945549389,-0.016581036544506125,-6.654689999999993
2045,Island County,Forest,267.21999,0.6670375787149054,0.0819640047149054,32.79429
2045,Island County,High Intensity,3.2969700000000004,0.00822993401764468,0.005224523017644681,2.0927700000000002
2045,Island County,Low Intensity,32.87187,0.08205513581761277,0.01141674381761278,4.56867
2045,Island County,Medium Intensity,15.09435,0.03767868817102837,0.013527582171028372,5.41755
2045,Island County,Open Space,19.09431,0.04766343382331463,-0.09555181717668536,-38.28879
2045,Jefferson County,Agriculture,26.88165,0.12345467245876021,0.007219127458760214,1.561050000000001
2045,Jefferson County,Forest,159.58386000000002,0.7328930019550383,0.029220513955038174,6.296759999999987
2045,Jefferson County,High Intensity,2.29419,0.01053612687495604,0.0076192898749560395,1.6587900000000002
2045,Jefferson County,Low Intensity,13.40559,0.06156551858112991,0.00636458358112991,1.380689999999999
2045,Jefferson County,Medium Intensity,4.69683,0.021570313178115093,0.0047509881781150915,1.03293
2045,Jefferson County,Open Space,10.88298,0.04998036695200024,-0.055174502047999764,-12.02382
2045,King County,Agriculture,100.23093,0.0899805039561698,-0.013642218043830201,-15.281369999999999
2045,King County,Forest,301.28454,0.2704727447246355,0.05116932172463552,56.81843999999999
2045,King County,High Intensity,91.03419,0.08172429701531965,0.01939177501531965,21.549690000000005
2045,King County,Low Intensity,264.88611000000003,0.2377967127391658,0.02728548173916583,30.221009999999996
2045,King County,Medium Intensity,206.60625,0.1854770228660396,0.004942402866039591,5.357250000000005
2045,King County,Open Space,149.87628,0.1345487186986693,-0.08914676330133069,-99.48582
2045,Kitsap County,Agriculture,11.246849999999998,0.01969128030745905,-0.003926722692540949,-2.2432500000000006
2045,Kitsap County,Forest,369.22923000000003,0.646456231356983,0.0775868043569831,44.30312999999998
2045,Kitsap County,High Intensity,8.29899,0.014530089612540351,0.005958341612540349,3.40299
2045,Kitsap County,Low Intensity,76.91022000000001,0.13465643273701938,0.01819725773701937,10.391219999999993
2045,Kitsap County,Medium Intensity,26.474310000000003,0.04635191712849081,0.00412975412849081,2.3579100000000017
2045,Kitsap County,Open Space,78.99929999999999,0.13831404885750703,-0.10194543514249296,-58.2318
2045,Mason County,Agriculture,29.43009,0.02851408914331552,-0.0024083708566844794,-2.4884100000000013
2045,Mason County,Forest,941.9442300000001,0.9126265581332484,0.01807593913324851,18.57932999999996
2045,Mason County,High Intensity,2.6587799999999997,0.0025760264386708804,0.0016666194386708798,1.72008
2045,Mason County,Low Intensity,26.55702,0.025730442403024016,0.0011267494030240206,1.16082
2045,Mason County,Medium Intensity,7.64838,0.00741032695183569,0.0015161829518356904,1.5643800000000003
2045,Mason County,Open Space,23.886000000000003,0.02314255692990523,-0.019977119070094772,-20.6226
2045,Pierce County,Agriculture,147.06945000000002,0.06905686387036733,-0.01994625512963267,-42.53085000000001
2045,Pierce County,Forest,1420.50789,0.6670033782441751,0.01742260724417507,36.72818999999993
2045,Pierce County,High Intensity,65.26295999999999,0.03064440197809417,0.01173070597809417,24.971759999999996
2045,Pierce County,Low Intensity,207.94653,0.0976418638576894,0.010219674857689412,21.714030000000008
2045,Pierce County,Medium Intensity,142.30548,0.06681992868245092,0.01150218368245091,24.46398
2045,Pierce County,Open Space,146.59389,0.06883356336722277,-0.03092891663277723,-65.92671
2045,San Juan County,Agriculture,67.90563,0.20650434763569084,-0.012952672364309187,-4.299570000000007
2045,San Juan County,Forest,238.59369,0.7255751003774247,0.01345036537742469,4.292189999999996
2045,San Juan County,High Intensity,0.333,0.00101266931420388,0.00061056331420388,0.20070000000000002
2045,San Juan County,Low Intensity,11.85426,0.03604938541920399,0.017399313419203987,5.71806
2045,San Juan County,Medium Intensity,2.27205,0.00690941536137237,0.00369256536137237,1.21365
2045,San Juan County,Open Space,7.875269999999999,0.02394908189210413,-0.02220013510789587,-7.308629999999999
2045,Skagit County,Agriculture,368.19603,0.5236766851847111,-0.004997431815288877,-3.608369999999985
2045,Skagit County,Forest,238.85837999999998,0.33972274135326797,0.028941969353267972,20.29338
2045,Skagit County,High Intensity,14.269049999999998,0.02029453931030946,0.004491238310309462,3.1549499999999995
2045,Skagit County,Low Intensity,31.81158,0.04524487340313863,0.0021079644031386296,1.4743800000000007
2045,Skagit County,Medium Intensity,20.79099,0.0295705435088707,0.0013897595088706994,0.9720900000000008
2045,Skagit County,Open Space,29.171969999999998,0.04149061723970196,-0.03193349976029804,-22.465530000000005
2045,Snohomish County,Agriculture,253.12041,0.13767772987457755,-0.020095127125422434,-37.098090000000006
2045,Snohomish County,Forest,1101.59802,0.599183268658302,0.046371328658301916,84.71681999999998
2045,Snohomish County,High Intensity,49.99662,0.02719425566275709,0.010260577662757089,18.84762
2045,Snohomish County,Low Intensity,154.62332999999998,0.0841030127125966,0.014961155712596591,27.43893
2045,Snohomish County,Medium Intensity,120.31992,0.06544463737353608,0.013333334373536083,24.462719999999994
2045,Snohomish County,Open Space,158.841,0.08639709571823058,-0.06483126828176942,-119.33909999999999
2045,Thurston County,Agriculture,108.20853,0.2002313211116736,-0.019203986888326394,-10.323270000000004
2045,Thurston County,Forest,245.2833,0.4538773348610408,0.023257493861040784,12.676500000000008
2045,Thurston County,High Intensity,18.34389,0.033943916704415225,0.018620333704415216,10.06659
2045,Thurston County,Low Intensity,63.93528,0.11830717578406028,0.010338978784060277,5.614379999999997
2045,Thurston County,Medium Intensity,46.284659999999995,0.08564610034906336,0.023325419349063358,12.621059999999996
2045,Thurston County,Open Space,58.361940000000004,0.10799415118974656,-0.05633823881025344,-30.40506
2045,Whatcom County,Agriculture,495.59840999999994,0.524714614047659,-0.014725053952341027,-14.07789000000003
2045,Whatcom County,Forest,303.012,0.32081383116586115,0.02341983616586112,22.02659999999998
2045,Whatcom County,High Intensity,20.30202,0.02149475537802437,0.007104477378024371,6.705720000000001
2045,Whatcom County,Low Intensity,52.31681999999999,0.05539041179430099,0.013613168794300991,12.844619999999997
2045,Whatcom County,Medium Intensity,30.02688,0.03179094692869443,0.003339023928694429,3.1447799999999986
2045,Whatcom County,Open Space,43.254270000000005,0.04579544068545984,-0.032751452314540165,-30.958829999999995
2055,Clallam County,Agriculture,83.40290999999999,0.10381158183166525,-0.027679128168334753,-22.267890000000005
2055,Clallam County,Forest,647.4114,0.8058328124264849,0.030068754426484812,23.978700000000014
2055,Clallam County,High Intensity,6.2271,0.0077508698584253105,0.0053441858584253096,4.293
2055,Clallam County,Low Intensity,32.93091,0.04098909568330651,0.004468875683306511,3.5819100000000006
2055,Clallam County,Medium Intensity,21.07458,0.026231524610328,0.012374895610327999,9.938880000000001
2055,Clallam County,Open Space,12.3597,0.01538411558978973,-0.024577583410210276,-19.755
2055,Island County,Agriculture,62.71074,0.15653926253428857,-0.01737700346571146,-6.973559999999992
2055,Island County,Forest,266.20641,0.664507468789245,0.07943389478924506,31.78070999999999
2055,Island County,High Intensity,3.72798,0.00930582608246329,0.00630041508246329,2.52378
2055,Island County,Low Intensity,32.76567,0.08179003816956809,0.011151646169568093,4.46247
2055,Island County,Medium Intensity,16.6653,0.04160011143087574,0.01744900543087574,6.988499999999999
2055,Island County,Open Space,18.531,0.04625729299355897,-0.09695795800644101,-38.85209999999999
2055,Jefferson County,Agriculture,26.748540000000002,0.12284336134314844,0.006607816343148434,1.4279400000000013
2055,Jefferson County,Forest,159.58683,0.7329066417568064,0.02923415375680636,6.2997299999999825
2055,Jefferson County,High Intensity,2.45898,0.011292929209428761,0.008376092209428759,1.8235800000000002
2055,Jefferson County,Low Intensity,13.3452,0.061288175945176215,0.006087240945176221,1.3202999999999991
2055,Jefferson County,Medium Intensity,4.83966,0.02222626364496831,0.0054069386449683106,1.17576
2055,Jefferson County,Open Space,10.76589,0.04944262810047156,-0.05571224089952844,-12.140910000000002
2055,King County,Agriculture,99.90378000000001,0.089686810962707,-0.013935911037292992,-15.608519999999995
2055,King County,Forest,296.46045,0.26614200520810183,0.046838582208101845,51.99434999999998
2055,King County,High Intensity,92.59326,0.08312392389998435,0.02079140189998436,23.10876
2055,King County,Low Intensity,265.34997,0.23821313466167124,0.027701903661671273,30.684870000000007
2055,King County,Medium Intensity,209.62728,0.18818909788985416,0.007654477889854161,8.378280000000004
2055,King County,Open Space,149.98355999999998,0.13464502737768108,-0.08905045462231895,-99.37854
2055,Kitsap County,Agriculture,11.16459,0.01954725733941985,-0.0040707456605801485,-2.3255100000000004
2055,Kitsap County,Forest,365.45634,0.6398505564738639,0.07098112947386392,40.53023999999998
2055,Kitsap County,High Intensity,8.92161,0.01562018905772101,0.007048441057721009,4.02561
2055,Kitsap County,Low Intensity,77.78466,0.13618742525066135,0.019728250250661376,11.265659999999992
2055,Kitsap County,Medium Intensity,28.03023,0.049076062720899497,0.006853899720899499,3.9138300000000017
2055,Kitsap County,Open Space,79.80147,0.13971850915743406,-0.10054097484256592,-57.429629999999996
2055,Mason County,Agriculture,29.673180000000002,0.02874961305540168,-0.002172846944598319,-2.2453200000000013
2055,Mason County,Forest,940.3154099999999,0.9110484345638536,0.01649781556385358,16.950509999999962
2055,Mason County,High Intensity,2.83536,0.00274711045033805,0.0018377034503380498,1.89666
2055,Mason County,Low Intensity,27.42579,0.02657217225247529,0.0019684792524752906,2.02959
2055,Mason County,Medium Intensity,8.13051,0.00787745083078635,0.0019833068307863505,2.04651
2055,Mason County,Open Space,23.74425,0.02300521884714484,-0.02011445715285516,-20.76435
2055,Pierce County,Agriculture,145.98486,0.06854759165927819,-0.020455527340721806,-43.61544
2055,Pierce County,Forest,1413.11151,0.6635303877162747,0.01394961671627476,29.33180999999995
2055,Pierce County,High Intensity,66.97691999999999,0.031449196599949755,0.012535500599949751,26.685719999999996
2055,Pierce County,Low Intensity,209.31993000000003,0.09828674759689944,0.010864558596899445,23.087430000000012
2055,Pierce County,Medium Intensity,147.26709,0.0691496662747779,0.013831921274777897,29.42559
2055,Pierce County,Open Space,147.02589,0.06903641015281967,-0.03072606984718034,-65.49471000000001
2055,San Juan County,Agriculture,67.89231,0.20646384086312267,-0.012993179136877336,-4.312890000000006
2055,San Juan County,Forest,239.11668,0.7271655385895432,0.01504080358954334,4.815179999999993
2055,San Juan County,High Intensity,0.34092,0.00103675442221739,0.00063464842221739,0.20861999999999997
2055,San Juan County,Low Intensity,11.52018,0.03503343177208915,0.01638335977208915,5.38398
2055,San Juan County,Medium Intensity,2.3638500000000002,0.007188583658801549,0.00397173365880155,1.30545
2055,San Juan County,Open Space,7.59996,0.023111850694225822,-0.02303736630577418,-7.58394
2055,Skagit County,Agriculture,367.05591,0.5220551189165664,-0.006618998083433569,-4.748489999999992
2055,Skagit County,Forest,237.52952999999997,0.33783274877755304,0.027051976777553062,18.964530000000003
2055,Skagit County,High Intensity,14.787450000000002,0.021031847622948678,0.005228546622948681,3.6733499999999992
2055,Skagit County,Low Intensity,32.24295,0.04585840096259692,0.002721491962596919,1.9057500000000012
2055,Skagit County,Medium Intensity,22.20291,0.03157868462148942,0.003397900621489419,2.3840100000000004
2055,Skagit County,Open Space,29.27925,0.04164319909884536,-0.031780917901154636,-22.358250000000005
2055,Snohomish County,Agriculture,250.80668999999997,0.13641924693689028,-0.0213536100631097,-39.41181
2055,Snohomish County,Forest,1095.4935,0.5958628866489099,0.043050946648909794,78.61229999999998
2055,Snohomish County,High Intensity,51.75099,0.02814849589553824,0.01121481789553824,20.601989999999997
2055,Snohomish County,Low Intensity,155.31885,0.08448132126022563,0.01533946426022563,28.134449999999994
2055,Snohomish County,Medium Intensity,127.21536,0.06919521807813574,0.017083915078135743,31.35815999999999
2055,Snohomish County,Open Space,157.91391,0.08589283118030011,-0.06533553281969989,-120.26618999999998
2055,Thurston County,Agriculture,106.41501000000001,0.19691255429134796,-0.02252275370865201,-12.116790000000005
2055,Thurston County,Forest,242.80785,0.44929671054384607,0.018676869543846043,10.201050000000006
2055,Thurston County,High Intensity,19.22292,0.03557049215273515,0.020246909152735148,10.94562
2055,Thurston County,Low Intensity,64.61478,0.11956453675824026,0.011596339758240258,6.293879999999996
2055,Thurston County,Medium Intensity,48.71979,0.09015211569719414,0.02783143469719413,15.056189999999997
2055,Thurston County,Open Space,58.637249999999995,0.10850359055663616,-0.055828799443363844,-30.129749999999994
2055,Whatcom County,Agriculture,492.35769,0.5212835030720677,-0.01815616492793217,-17.318610000000024
2055,Whatcom County,Forest,299.8674,0.3174844872009879,0.020090492200987874,18.881999999999966
2055,Whatcom County,High Intensity,23.029559999999996,0.024382537238340572,0.00999225923834057,9.43326
2055,Whatcom County,Low Intensity,53.54415,0.056689846930219036,0.014912603930219042,14.071949999999998
2055,Whatcom County,Medium Intensity,32.48316,0.03439153237486844,0.0059396093748684394,5.601059999999999
2055,Whatcom County,Open Space,43.22844,0.04576809318351599,-0.03277879981648402,-30.984659999999998
2065,Clallam County,Agriculture,82.76174999999999,0.1030135301353013,-0.02847717986469871,-22.90905
2065,Clallam County,Forest,646.84188,0.805123931020731,0.029359873020730887,23.409180000000028
2065,Clallam County,High Intensity,6.737489999999999,0.00838615216753255,0.00597946816753255,4.80339
2065,Clallam County,Low Intensity,33.07716,0.0411711330228056,0.004650913022805601,3.728159999999999
2065,Clallam County,Medium Intensity,21.87099,0.02722281594400639,0.013366186944006389,10.73529
2065,Clallam County,Open Space,12.117329999999999,0.015082437709622951,-0.024879261290377052,-19.997369999999997
2065,Island County,Agriculture,61.10217,0.15252393180250673,-0.021392334197493305,-8.582129999999992
2065,Island County,Forest,264.54699,0.660365205709035,0.07529163170903502,30.121289999999988
2065,Island County,High Intensity,4.86729,0.012149784664325671,0.009144373664325672,3.6630899999999995
2065,Island County,Low Intensity,33.60375,0.08388206299888337,0.013243670998883383,5.3005499999999985
2065,Island County,Medium Intensity,18.15183,0.04531080452642996,0.02115969852642996,8.47503
2065,Island County,Open Space,18.335069999999998,0.04576821029881892,-0.09744704070118107,-39.04803
2065,Jefferson County,Agriculture,26.79948,0.12307730460983961,0.006841759609839624,1.4788800000000013
2065,Jefferson County,Forest,159.02658,0.7303336791505297,0.026661191150529596,5.739479999999986
2065,Jefferson County,High Intensity,2.7066600000000003,0.0124304060114326,0.0095135690114326,2.07126
2065,Jefferson County,Low Intensity,13.32918,0.06121460368109312,0.006013668681093121,1.3042799999999997
2065,Jefferson County,Medium Intensity,5.11299,0.02348153873497032,0.006662213734970321,1.44909
2065,Jefferson County,Open Space,10.77021,0.04946246781213441,-0.055692401187865594,-12.136590000000002
2065,King County,Agriculture,99.94959,0.08972793606137895,-0.013894785938621052,-15.562709999999996
2065,King County,Forest,292.44177,0.2625343079470011,0.0432308849470011,47.97566999999999
2065,King County,High Intensity,94.32018000000001,0.08467423508528403,0.02234171308528403,24.835680000000004
2065,King County,Low Intensity,265.87242000000003,0.23868215469662357,0.028170923696623572,31.20732
2065,King County,Medium Intensity,212.16447,0.19046681430765605,0.009932194307656064,10.915470000000008
2065,King County,Open Space,149.16987,0.13391455190205598,-0.08978093009794404,-100.19223000000001
2065,Kitsap County,Agriculture,11.44422,0.02003684088613514,-0.0035811621138648595,-2.04588
2065,Kitsap County,Forest,358.61832,0.6278783715004703,0.05900894450047035,33.692219999999985
2065,Kitsap County,High Intensity,9.27144,0.01623268060779578,0.007660932607795779,4.37544
2065,Kitsap County,Low Intensity,79.76277,0.13965075218122308,0.02319157718122309,13.243769999999989
2065,Kitsap County,Medium Intensity,30.27006,0.052997615899883485,0.010775452899883489,6.153660000000002
2065,Kitsap County,Open Space,81.79209,0.1432037389244919,-0.0970557450755081,-55.439009999999996
2065,Mason County,Agriculture,29.51424,0.028595620005144668,-0.002326839994855329,-2.4042600000000016
2065,Mason County,Forest,938.4844499999999,0.9092744625285031,0.014723843528503122,15.11954999999998
2065,Mason County,High Intensity,3.08943,0.00299327261391425,0.00208386561391425,2.1507300000000003
2065,Mason County,Low Intensity,28.214909999999996,0.02733673117923268,0.00273303817923268,2.818709999999999
2065,Mason County,Medium Intensity,9.076139999999999,0.00879364844066772,0.0028995044406677204,2.99214
2065,Mason County,Open Space,23.745330000000003,0.0230062652325373,-0.020113410767462703,-20.76327
2065,Pierce County,Agriculture,145.1241,0.06814341943897648,-0.020859699561023536,-44.476200000000006
2065,Pierce County,Forest,1408.734,0.6614749158819736,0.011894144881973545,24.954299999999968
2065,Pierce County,High Intensity,68.48982,0.03215958294700875,0.013245886947008751,28.198619999999995
2065,Pierce County,Low Intensity,209.73600000000002,0.09848211440727742,0.011059925407277424,23.50350000000001
2065,Pierce County,Medium Intensity,151.78878,0.07127283822377209,0.015955093223772077,33.94728
2065,Pierce County,Open Space,145.8135,0.06846712910099144,-0.03129535089900856,-66.70710000000001
2065,San Juan County,Agriculture,67.88592,0.20644440856006635,-0.013012611439933685,-4.319280000000008
2065,San Juan County,Forest,239.26284,0.727610018310156,0.015485283310156084,4.961339999999995
2065,San Juan County,High Intensity,0.36747,0.00111749427294443,0.00071538827294443,0.23517000000000002
2065,San Juan County,Low Intensity,11.38545,0.034623711241450424,0.01597363924145042,5.249250000000001
2065,San Juan County,Medium Intensity,2.43504,0.00740507593651381,0.00418822593651381,1.37664
2065,San Juan County,Open Space,7.497179999999998,0.022799291678868818,-0.023349925321131178,-7.686719999999999
2065,Skagit County,Agriculture,365.09625,0.5192679398888917,-0.009406177111108227,-6.708149999999984
2065,Skagit County,Forest,237.21588000000003,0.33738665164742326,0.02660587964742327,18.65088
2065,Skagit County,High Intensity,15.315029999999998,0.02178221243695752,0.005978911436957521,4.20093
2065,Skagit County,Low Intensity,32.28237,0.0459144671155372,0.0027775581155371994,1.945170000000001
2065,Skagit County,Medium Intensity,23.37498,0.03324569263459713,0.005064908634597129,3.5560800000000015
2065,Skagit County,Open Space,29.81349,0.04240303627659299,-0.031021080723407007,-21.824010000000005
2065,Snohomish County,Agriculture,249.21278999999998,0.13555228984857376,-0.02222056715142625,-41.00571000000001
2065,Snohomish County,Forest,1091.74446,0.593823701755013,0.0410117617550129,74.86325999999994
2065,Snohomish County,High Intensity,53.21781,0.02894633139104264,0.012012653391042639,22.06881
2065,Snohomish County,Low Intensity,154.86102,0.08423229750481816,0.015090440504818147,27.676620000000003
2065,Snohomish County,Medium Intensity,132.60726,0.07212799047571022,0.020016687475710233,36.75005999999999
2065,Snohomish County,Open Space,156.85596,0.08531738902484212,-0.0659109749751579,-121.32413999999999
2065,Thurston County,Agriculture,105.44769,0.19512260518532332,-0.024312702814676686,-13.084110000000004
2065,Thurston County,Forest,239.99688,0.44409523301979803,0.013475392019797982,7.390080000000009
2065,Thurston County,High Intensity,19.95066,0.03691711742918804,0.021593534429188037,11.673359999999999
2065,Thurston County,Low Intensity,64.72035,0.11975988568840094,0.011791688688400947,6.399449999999996
2065,Thurston County,Medium Intensity,51.33492,0.09499120680007457,0.03267052580007457,17.671319999999998
2065,Thurston County,Open Space,58.9671,0.10911395187721491,-0.05521843812278508,-29.799899999999997
2065,Whatcom County,Agriculture,489.02895,0.5177592009574484,-0.02168046704255159,-20.647350000000024
2065,Whatcom County,Forest,295.96941000000004,0.31335749188150813,0.015963496881508093,14.984009999999978
2065,Whatcom County,High Intensity,25.4925,0.02699017395679279,0.012599895956792789,11.8962
2065,Whatcom County,Low Intensity,55.12859999999999,0.05836738272019021,0.01659013972019021,15.656399999999996
2065,Whatcom County,Medium Intensity,35.5743,0.037664275586589566,0.009212352586589569,8.6922
2065,Whatcom County,Open Space,43.31664,0.04586147489747063,-0.032685418102529375,-30.896459999999998
2075,Clallam County,Agriculture,81.73701,0.10173803650604807,-0.029752673493951942,-23.933790000000005
2075,Clallam County,Forest,645.4206,0.8033548641497343,0.027590806149734293,21.987900000000014
2075,Clallam County,High Intensity,7.15248,0.00890269011979732,0.006496006119797319,5.21838
2075,Clallam County,Low Intensity,33.58926,0.04180854376849778,0.005288323768497781,4.240259999999999
2075,Clallam County,Medium Intensity,23.20731,0.028886133123626263,0.015029504123626258,12.071610000000002
2075,Clallam County,Open Space,12.299940000000001,0.015309732332295961,-0.024651966667704042,-19.81476
2075,Island County,Agriculture,59.446889999999996,0.14839200303738997,-0.025524262962610046,-10.237409999999993
2075,Island County,Forest,262.33821,0.6548516239477533,0.06977804994775325,27.91250999999999
2075,Island County,High Intensity,6.26535,0.01563963793951725,0.01263422693951725,5.06115
2075,Island County,Low Intensity,34.45362,0.08600351816031213,0.015365126160312137,6.1504199999999996
2075,Island County,Medium Intensity,19.61946,0.04897431922699317,0.02482321322699317,9.94266
2075,Island County,Open Space,18.48357,0.04613889768803394,-0.09707635331196604,-38.89953
2075,Jefferson County,Agriculture,26.36766,0.12109416009820655,0.004858615098206544,1.0470600000000012
2075,Jefferson County,Forest,158.5044,0.7279355540032817,0.024263066003281743,5.217299999999992
2075,Jefferson County,High Intensity,3.0834,0.01416059419936427,0.01124375719936427,2.448
2075,Jefferson County,Low Intensity,13.3398,0.061263376305597625,0.006062441305597631,1.3148999999999993
2075,Jefferson County,Medium Intensity,5.40477,0.02482154592686582,0.008002220926865821,1.7408700000000004
2075,Jefferson County,Open Space,11.045069999999999,0.05072476946668371,-0.0544300995333163,-11.86173
2075,King County,Agriculture,99.63531,0.08944579687756268,-0.014176925122437312,-15.876989999999992
2075,King County,Forest,290.63817,0.2609151586790521,0.04161173567905211,46.17207
2075,King County,High Intensity,95.32115999999999,0.0855728467698214,0.0232403247698214,25.836660000000006
2075,King County,Low Intensity,265.46166,0.23831340233839407,0.027802171338394077,30.796560000000007
2075,King County,Medium Intensity,214.84476,0.19287299616138806,0.012338376161388062,13.595760000000004
2075,King County,Open Space,148.01724,0.1328797991737814,-0.09081568282621863,-101.34486
2075,Kitsap County,Agriculture,11.44962,0.02004629534793202,-0.0035717076520679785,-2.04048
2075,Kitsap County,Forest,350.36703,0.6134317963004691,0.044562369300469064,25.440929999999987
2075,Kitsap County,High Intensity,9.69957,0.01698226185392538,0.00841051385392538,4.80357
2075,Kitsap County,Low Intensity,81.98837999999999,0.1435474086108086,0.027088233610808615,15.46937999999999
2075,Kitsap County,Medium Intensity,32.94972,0.057689234992223636,0.01546707199222364,8.83332
2075,Kitsap County,Open Space,84.70457999999999,0.14830300289464102,-0.09195648110535898,-52.526520000000005
2075,Mason County,Agriculture,29.18547,0.02827708285192334,-0.0026453771480766585,-2.7330300000000016
2075,Mason County,Forest,935.6932800000001,0.9065701666804731,0.01201954768047322,12.328379999999958
2075,Mason County,High Intensity,3.1753799999999996,0.0030765474513975303,0.0021671404513975297,2.2366800000000002
2075,Mason County,Low Intensity,29.34369,0.02843037831191871,0.0038266853119187107,3.9474899999999997
2075,Mason County,Medium Intensity,10.80441,0.01046812666495172,0.00457398266495172,4.72041
2075,Mason County,Open Space,23.92227,0.02317769803933533,-0.019941977960664672,-20.58633
2075,Pierce County,Agriculture,144.37071,0.06778966309684493,-0.021213455903155078,-45.22959
2075,Pierce County,Forest,1405.85859,0.6601247592250914,0.01054398822509144,22.07888999999998
2075,Pierce County,High Intensity,70.28828999999999,0.03300405947129672,0.014090363471296719,29.997089999999993
2075,Pierce County,Low Intensity,210.03912,0.09862444523517122,0.01120225623517122,23.806620000000017
2075,Pierce County,Medium Intensity,155.27961,0.07291196703063572,0.01759422203063573,37.43811000000001
2075,Pierce County,Open Space,143.84987999999998,0.06754510594095971,-0.03221737405904031,-68.67072
2075,San Juan County,Agriculture,67.87917,0.20642388147937302,-0.01303313852062699,-4.326030000000003
2075,San Juan County,Forest,239.17491,0.7273426188723244,0.01521788387232439,4.873409999999995
2075,San Juan County,High Intensity,0.4073399999999999,0.00123874089623968,0.0008366348962396801,0.27503999999999995
2075,San Juan County,Low Intensity,11.32011,0.03442500910033906,0.01577493710033906,5.18391
2075,San Juan County,Medium Intensity,2.62188,0.00797326553010498,0.00475641553010498,1.5634799999999998
2075,San Juan County,Open Space,7.430490000000001,0.02259648412161881,-0.023552732878381187,-7.75341
2075,Skagit County,Agriculture,363.87459,0.5175304011674048,-0.011143715832595168,-7.9298099999999865
2075,Skagit County,Forest,236.09061000000003,0.33578620619031774,0.02500543419031772,17.525610000000004
2075,Skagit County,High Intensity,15.977879999999999,0.02272496863879568,0.006921667638795681,4.863779999999999
2075,Skagit County,Low Intensity,32.30838,0.04595146053608455,0.0028145515360845476,1.9711800000000017
2075,Skagit County,Medium Intensity,24.84261,0.0353330687898415,0.007152284789841498,5.023710000000001
2075,Skagit County,Open Space,30.003930000000004,0.04267389467755558,-0.030750222322444416,-21.633570000000002
2075,Snohomish County,Agriculture,248.28948,0.13505008133535865,-0.02272277566464134,-41.92902000000001
2075,Snohomish County,Forest,1088.5265100000001,0.5920733883336262,0.039261448333626235,71.64530999999992
2075,Snohomish County,High Intensity,54.521280000000004,0.02965531724706118,0.012721639247061179,23.37228
2075,Snohomish County,Low Intensity,154.4436,0.08400525363267744,0.014863396632677429,27.2592
2075,Snohomish County,Medium Intensity,137.0754,0.07455830959522253,0.022447006595222536,41.21819999999999
2075,Snohomish County,Open Space,155.64303,0.08465764985605376,-0.06657071414394625,-122.53707
2075,Thurston County,Agriculture,104.4351,0.19324888752697908,-0.0261864204730209,-14.096700000000004
2075,Thurston County,Forest,238.66370999999998,0.44162830744224457,0.01100846644224463,6.056910000000007
2075,Thurston County,High Intensity,20.53665,0.03800144554877557,0.022677862548775567,12.25935
2075,Thurston County,Low Intensity,64.55439,0.11945278984252172,0.01148459284252173,6.233489999999996
2075,Thurston County,Medium Intensity,53.291340000000005,0.0986114071784486,0.0362907261784486,19.627739999999996
2075,Thurston County,Open Space,58.93641,0.10905716246103007,-0.05527522753896992,-29.830589999999994
2075,Whatcom County,Agriculture,486.16317,0.5147250575536277,-0.024714610446372222,-23.51313000000003
2075,Whatcom County,Forest,291.52512,0.3086521016602887,0.011258106660288708,10.539719999999978
2075,Whatcom County,High Intensity,28.251089999999998,0.029910829991919557,0.015520551991919559,14.65479
2075,Whatcom County,Low Intensity,56.90583,0.06024902425637659,0.01847178125637659,17.43363
2075,Whatcom County,Medium Intensity,38.45547,0.04071471314662067,0.01226279014662067,11.573369999999997
2075,Whatcom County,Open Space,43.209720000000004,0.045748273391166425,-0.03279861960883358,-31.003379999999993
2085,Clallam County,Agriculture,80.9127,0.10071201804914218,-0.030778691950857823,-24.758100000000002
2085,Clallam County,Forest,643.93668,0.801507829285943,0.02574377128594303,20.503980000000013
2085,Clallam County,High Intensity,7.4747699999999995,0.00930384440456421,0.00689716040456421,5.54067
2085,Clallam County,Low Intensity,34.229699999999994,0.04260569928103648,0.00608547928103648,4.880699999999999
2085,Clallam County,Medium Intensity,24.27174,0.03021102888624509,0.01635439988624509,13.13604
2085,Clallam County,Open Space,12.581010000000001,0.01565958009306864,-0.024302118906931364,-19.53369
2085,Island County,Agriculture,58.141980000000004,0.1451346718517969,-0.028781594148203117,-11.542319999999993
2085,Island County,Forest,259.26237000000003,0.6471736771515033,0.06210010315150326,24.83666999999999
2085,Island County,High Intensity,6.903180000000001,0.01723179644095171,0.01422638544095171,5.69898
2085,Island County,Low Intensity,35.82918,0.08943720667956204,0.018798814679562036,7.52598
2085,Island County,Medium Intensity,21.55833,0.053814148575998734,0.029663042575998732,11.88153
2085,Island County,Open Space,18.91206,0.04720849930018708,-0.0960067516998129,-38.47104
2085,Jefferson County,Agriculture,26.21988,0.12041547662840628,0.004179931628406283,0.8992800000000013
2085,Jefferson County,Forest,158.01272999999998,0.7256775468196529,0.022005058819652812,4.7256299999999865
2085,Jefferson County,High Intensity,3.41937,0.01570354510847771,0.01278670810847771,2.78397
2085,Jefferson County,Low Intensity,13.28049,0.06099099359755965,0.005790058597559651,1.2555899999999993
2085,Jefferson County,Medium Intensity,5.6203199999999995,0.02581146487337712,0.00899213987337712,1.95642
2085,Jefferson County,Open Space,11.19231,0.051400972972526084,-0.053753896027473914,-11.714490000000001
2085,King County,Agriculture,99.36135,0.08919985424424749,-0.014422867755752512,-16.150949999999995
2085,King County,Forest,289.40454,0.25980768966628875,0.04050426666628877,44.93843999999999
2085,King County,High Intensity,96.11298000000001,0.08628368884863452,0.023951166848634516,26.628480000000003
2085,King County,Low Intensity,264.99834,0.23789746519111854,0.02738623419111853,30.333240000000007
2085,King County,Medium Intensity,217.32921000000002,0.19510336619840069,0.014568746198400673,16.08021
2085,King County,Open Space,146.71188,0.1317079358513097,-0.09198754614869031,-102.65021999999999
2085,Kitsap County,Agriculture,11.45619,0.02005779827645157,-0.003560204723548428,-2.03391
2085,Kitsap County,Forest,342.3411,0.5993797873061244,0.030510360306124407,17.41499999999998
2085,Kitsap County,High Intensity,9.90711,0.01734562833565224,0.00877388033565224,5.01111
2085,Kitsap County,Low Intensity,84.32748,0.14764276631249196,0.031183591312491966,17.808479999999992
2085,Kitsap County,Medium Intensity,34.31979,0.060087989524456285,0.01786582652445628,10.203390000000002
2085,Kitsap County,Open Space,88.80723,0.15548603024482327,-0.08477345375517674,-48.42387
2085,Mason County,Agriculture,28.85292,0.027954883349828392,-0.0029675766501716092,-3.0655800000000015
2085,Mason County,Forest,933.1198200000001,0.9040768046878066,0.009526185687806632,9.75491999999997
2085,Mason County,High Intensity,3.20886,0.00310898539856379,0.00219957839856379,2.27016
2085,Mason County,Low Intensity,30.488490000000002,0.029539546827926238,0.00493585382792624,5.09229
2085,Mason County,Medium Intensity,12.03876,0.01166405796975069,0.00576991396975069,5.95476
2085,Mason County,Open Space,24.41565,0.023655721766124092,-0.019463954233875914,-20.092950000000002
2085,Pierce County,Agriculture,143.53794,0.06739863365785997,-0.021604485342140035,-46.062360000000005
2085,Pierce County,Forest,1403.78616,0.6591516440309375,0.009570873030937465,20.006459999999947
2085,Pierce County,High Intensity,71.5518,0.03359734405942054,0.01468364805942054,31.260599999999993
2085,Pierce County,Low Intensity,210.29544,0.09874480099462536,0.011322611994625361,24.062940000000008
2085,Pierce County,Medium Intensity,158.33871,0.07434837583114354,0.01903063083114353,40.497209999999995
2085,Pierce County,Open Space,142.17614999999998,0.06675920142601285,-0.033003278573987146,-70.34445000000001
2085,San Juan County,Agriculture,67.79799,0.20617700912223463,-0.013280010877765374,-4.407210000000008
2085,San Juan County,Forest,239.25717,0.7275927755623737,0.015468040562373686,4.9556699999999925
2085,San Juan County,High Intensity,0.43875000000000003,0.00133426024506593,0.00093215424506593,0.30645
2085,San Juan County,Low Intensity,11.28852,0.034328942362694306,0.01567887036269431,5.1523200000000005
2085,San Juan County,Medium Intensity,2.68731,0.00817224136562559,0.0049553913656255905,1.6289099999999999
2085,San Juan County,Open Space,7.36416,0.02239477134200574,-0.02375444565799426,-7.81974
2085,Skagit County,Agriculture,362.17305,0.5151103402370651,-0.013563776762934876,-9.631349999999992
2085,Skagit County,Forest,234.62343,0.3336994700596503,0.022918698059650307,16.058429999999998
2085,Skagit County,High Intensity,16.726049999999997,0.02378907350042236,0.007985772500422362,5.611949999999998
2085,Skagit County,Low Intensity,32.29524,0.045932771818437766,0.0027958628184377695,1.9580400000000004
2085,Skagit County,Medium Intensity,26.95167,0.03833273597706149,0.01015195197706149,7.132770000000001
2085,Skagit County,Open Space,30.32856,0.04313560840736279,-0.03028850859263721,-21.308940000000003
2085,Snohomish County,Agriculture,247.29012000000003,0.13450650756298893,-0.02326634943701104,-42.928380000000004
2085,Snohomish County,Forest,1086.8409900000001,0.5911565971224466,0.03834465712244652,69.95978999999996
2085,Snohomish County,High Intensity,56.00403,0.030461817418151786,0.013528139418151789,24.85503
2085,Snohomish County,Low Intensity,153.09071999999998,0.08326939259645079,0.01412753559645078,25.90632
2085,Snohomish County,Medium Intensity,141.59691,0.07701765782559718,0.024906354825597173,45.73970999999999
2085,Snohomish County,Open Space,153.67653,0.08358802747436452,-0.06764033652563549,-124.50357
2085,Thurston County,Agriculture,103.20174,0.19096665245543443,-0.028468655544565562,-15.330060000000003
2085,Thurston County,Forest,237.44403000000003,0.4393713861280609,0.00875154512806094,4.837230000000014
2085,Thurston County,High Intensity,21.615479999999998,0.03999773508486765,0.024674152084867645,13.33818
2085,Thurston County,Low Intensity,64.94787,0.12018089344240449,0.012212696442404487,6.626969999999995
2085,Thurston County,Medium Intensity,55.108349999999994,0.10197364038476905,0.03965295938476905,21.44475
2085,Thurston County,Open Space,58.10013,0.10750969250446318,-0.05682269749553681,-30.666869999999996
2085,Whatcom County,Agriculture,483.59250000000003,0.5120033617417024,-0.027436306258297617,-26.083800000000032
2085,Whatcom County,Forest,285.03522,0.3017809226875638,0.004386927687563769,4.049819999999971
2085,Whatcom County,High Intensity,32.074020000000004,0.03395835556707471,0.01956807756707471,18.477719999999998
2085,Whatcom County,Low Intensity,58.41197999999999,0.061843659953347195,0.020066416953347203,18.93978
2085,Whatcom County,Medium Intensity,42.73335,0.04524391684834804,0.016791993848348043,15.851249999999999
2085,Whatcom County,Open Space,42.663329999999995,0.04516978320196363,-0.033377109798036375,-31.549770000000002
2095,Clallam County,Agriculture,80.20965,0.09983693188480149,-0.03165377811519853,-25.461150000000004
2095,Clallam County,Forest,643.2222,0.800618516203377,0.024854458203376877,19.789500000000015
2095,Clallam County,High Intensity,7.96875,0.009918701190654832,0.007512017190654832,6.03465
2095,Clallam County,Low Intensity,34.19325,0.04256032997488438,0.0060401099748843825,4.84425
2095,Clallam County,Medium Intensity,24.9735,0.031084509387898918,0.017227880387898915,13.8378
2095,Clallam County,Open Space,12.83925,0.015981011358383118,-0.023980687641616885,-19.27545
2095,Island County,Agriculture,56.931000000000004,0.14211180980067498,-0.03180445619932503,-12.753299999999994
2095,Island County,Forest,256.5399,0.6403778165689026,0.055304242568902484,22.114199999999986
2095,Island County,High Intensity,7.635149999999999,0.019058948281246085,0.016053537281246085,6.430949999999999
2095,Island County,Low Intensity,36.88485,0.09207238214200392,0.021433990142003922,8.581649999999998
2095,Island County,Medium Intensity,23.070449999999997,0.05758871972064395,0.03343761372064395,13.39365
2095,Island County,Open Space,19.54575,0.048790323486528286,-0.0944249275134717,-37.837349999999994
2095,Jefferson County,Agriculture,26.1648,0.12016252030470487,0.003926975304704872,0.8442000000000007
2095,Jefferson County,Forest,157.7181,0.7243244509290908,0.020651962929090866,4.430999999999988
2095,Jefferson County,High Intensity,3.73095,0.017134484312161267,0.014217647312161267,3.09555
2095,Jefferson County,Low Intensity,13.26435,0.060916870230374814,0.005715935230374817,1.2394499999999995
2095,Jefferson County,Medium Intensity,5.647950000000001,0.02593835636255415,0.009119031362554151,1.98405
2095,Jefferson County,Open Space,11.21895,0.051523317861113714,-0.053631551138886284,-11.68785
2095,King County,Agriculture,99.07005,0.08893834493966024,-0.014684377060339752,-16.442249999999994
2095,King County,Forest,287.85885,0.25842007443454335,0.03911665143454333,43.392749999999985
2095,King County,High Intensity,96.9309,0.0870179617302274,0.024685439730227396,27.4464
2095,King County,Low Intensity,264.49920000000003,0.2374493712869247,0.026938140286924702,29.834100000000017
2095,King County,Medium Intensity,219.68370000000002,0.19721706699674468,0.016682446996744676,18.43470000000001
2095,King County,Open Space,145.8756,0.13095718061189943,-0.09273830138810057,-103.48649999999999
2095,Kitsap County,Agriculture,11.42295,0.01999960081161298,-0.003618402188387016,-2.06715
2095,Kitsap County,Forest,335.77934999999997,0.587891303103217,0.019021876103216966,10.853249999999974
2095,Kitsap County,High Intensity,10.326749999999999,0.018080345066845634,0.009508597066845632,5.43075
2095,Kitsap County,Low Intensity,85.81755,0.15025161999576644,0.03379244499576647,19.298549999999995
2095,Kitsap County,Medium Intensity,35.463300000000004,0.06209007685952187,0.019867913859521868,11.346900000000003
2095,Kitsap County,Open Space,92.349,0.16168705416303583,-0.07857242983696418,-44.8821
2095,Mason County,Agriculture,28.70115,0.027807837135926883,-0.0031146228640731156,-3.2173500000000015
2095,Mason County,Forest,930.9393,0.90196415258043,0.007413533580429991,7.57439999999995
2095,Mason County,High Intensity,3.37275,0.0032677743818695835,0.0023583673818695834,2.43405
2095,Mason County,Low Intensity,31.38195,0.030405198210099616,0.005801505210099618,5.9857499999999995
2095,Mason County,Medium Intensity,13.00215,0.01259746280608585,0.006703318806085851,6.918150000000001
2095,Mason County,Open Space,24.7272,0.0239575748855879,-0.019162101114412102,-19.7814
2095,Pierce County,Agriculture,142.82955,0.06706600718922807,-0.02193711181077192,-46.770750000000014
2095,Pierce County,Forest,1401.7392,0.6581904883451842,0.008609717345184287,17.959499999999935
2095,Pierce County,High Intensity,72.5964,0.03408783885625965,0.01517414285625965,32.30519999999999
2095,Pierce County,Low Intensity,210.1236,0.09866411305102125,0.011241924051021271,23.89110000000001
2095,Pierce County,Medium Intensity,161.45295,0.07581067576997959,0.02049293076997958,43.61144999999999
2095,Pierce County,Open Space,140.94449999999998,0.0661808767883268,-0.0335816032116732,-71.57610000000001
2095,San Juan County,Agriculture,67.77735,0.2061142418710479,-0.013342778128952085,-4.427850000000009
2095,San Juan County,Forest,239.39775,0.7280202862296132,0.015895551229613298,5.096249999999993
2095,San Juan County,High Intensity,0.45675,0.0013889991269148,0.0009868931269148,0.32444999999999996
2095,San Juan County,Low Intensity,11.19735,0.03405168992612983,0.015401617926129832,5.0611500000000005
2095,San Juan County,Medium Intensity,2.71425,0.008254167225459384,0.005037317225459383,1.65585
2095,San Juan County,Open Space,7.29045,0.022170615620834683,-0.023978601379165316,-7.8934500000000005
2095,Skagit County,Agriculture,361.39259999999996,0.514000324279119,-0.014673792720881004,-10.41179999999998
2095,Skagit County,Forest,233.58855000000003,0.33222758420590015,0.021446812205900178,15.02355
2095,Skagit County,High Intensity,17.61075,0.025047361818693784,0.009244060818693783,6.496649999999999
2095,Skagit County,Low Intensity,32.3757,0.046047208212795315,0.0029102992127953164,2.0385000000000013
2095,Skagit County,Medium Intensity,28.13535,0.040016256624254315,0.011835472624254315,8.316450000000001
2095,Skagit County,Open Space,29.995050000000003,0.04266126485923721,-0.03076285214076278,-21.64245
2095,Snohomish County,Agriculture,246.21900000000002,0.13392390195634013,-0.02384895504365986,-43.99950000000001
2095,Snohomish County,Forest,1085.4528,0.5904015302045532,0.037589590204553214,68.57159999999999
2095,Snohomish County,High Intensity,57.3936,0.031217634948242784,0.014283956948242782,26.244600000000002
2095,Snohomish County,Low Intensity,152.8773,0.08315330878831444,0.014011451788314434,25.692899999999998
2095,Snohomish County,Medium Intensity,145.08689999999999,0.07891593975586497,0.02680463675586497,49.22969999999999
2095,Snohomish County,Open Space,151.4697,0.08238768434668424,-0.06884067965331576,-126.71039999999999
2095,Thurston County,Agriculture,102.4338,0.18954564026042078,-0.029889667739579216,-16.098000000000003
2095,Thurston County,Forest,236.04135,0.43677583779654844,0.006155996796548417,3.4345500000000064
2095,Thurston County,High Intensity,22.805849999999996,0.04220042056365292,0.026876837563652917,14.528549999999997
2095,Thurston County,Low Intensity,65.2047,0.12065613703180646,0.012687940031806464,6.883799999999998
2095,Thurston County,Medium Intensity,56.1402,0.10388299714887149,0.04156231614887148,22.4766
2095,Thurston County,Open Space,57.7917,0.10693896719869962,-0.05739342280130036,-30.975299999999994
2095,Whatcom County,Agriculture,481.29105,0.5095667024947529,-0.02987296550524717,-28.385250000000024
2095,Whatcom County,Forest,281.28929999999997,0.29781493141843646,0.0004209364184364628,0.3038999999999703
2095,Whatcom County,High Intensity,33.1464,0.03509373745381732,0.02070345945381732,19.5501
2095,Whatcom County,Low Intensity,60.20865,0.06374588358158888,0.021968640581588886,20.73645
2095,Whatcom County,Medium Intensity,46.1514,0.04886277588896847,0.020410852888968465,19.269299999999998
2095,Whatcom County,Open Space,42.4236,0.044915969162435836,-0.03363092383756417,-31.789499999999993
