Station,Month,Monthly_Avg_C,Monthly_Min_C,Monthly_Max_C
0,1,170.15615291063332,119.013838595,224.684451216
0,2,150.7411507446667,114.32171274,253.5123351
0,3,179.079237079,123.37074030000001,277.09626912
0,4,121.0434354161333,89.45283556800001,162.07433664
0,5,81.9844039639,69.4369200447,100.59734962400002
0,6,70.59879950866667,64.3777114045,82.89248904210001
0,7,66.10232938579,63.215293908,69.68763288
0,8,63.50863692925334,61.2954147975,67.810573989
0,9,72.24451625000667,65.682862352,86.4705428752
0,10,95.39070636801334,75.7852188552,142.8538374769
0,11,122.62915012849334,80.025460944,197.8520447
0,12,1024.418555439343,95.819261625,3663.5513573400003
1,1,526.8822730352334,368.552387836,695.706945133
1,2,466.72890049273326,353.82620691,784.9294999000001
1,3,554.5489217126667,381.92753697999996,857.7430584399999
1,4,374.8862203213332,277.0884739,501.75705402
1,5,253.97600445920003,215.05244615200002,311.62708514999997
1,6,218.7655101613333,199.64880602399998,256.90478112
1,7,204.92135754199998,196.03854917599998,215.99953028100003
1,8,196.98550439649995,190.144226224,210.35733343200002
1,9,224.18847170416666,203.827618463,268.335851355
1,10,295.9935847928666,235.099847953,443.15201254
1,11,380.1571611531999,248.126721843,613.286757336
1,12,3173.1177103911714,296.712076876,11349.93595008
2,1,774.7832109013333,498.35183084,1094.8492183999997
2,2,686.2112631345666,440.2058708260001,1179.1634012
2,3,640.2232025406665,424.77545919199997,1011.2893084
2,4,476.1434797749333,344.377705914,649.7700477449999
2,5,367.3017103724667,309.059802531,454.54978540400003
2,6,285.91970345043336,257.57521988,335.508821152
2,7,291.9390068348334,256.922553267,312.40106661
2,8,271.5804685581666,258.91067373600004,287.76234270000003
2,9,294.79017648273333,272.87697105,344.705683784
2,10,349.30008396833335,270.633743496,541.077584628
2,11,470.5646751071667,275.65595136,822.369383923
2,12,3963.030726729829,335.0371505,17081.800044800002
3,1,1012.8228917366667,668.80725678,1421.3448704
3,2,881.1342119473334,563.97387078,1512.3337848
3,3,813.6925598156669,539.390526003,1276.4214228
3,4,606.8401437337332,436.293496704,823.7212368899999
3,5,464.97521851199997,389.972266409,577.687332792
3,6,360.8942091799667,324.95172031799996,424.83815416600004
3,7,368.28079994149994,324.192146228,394.34718034800005
3,8,342.5497228716,326.537953365,364.21992260400003
3,9,373.9078665852666,344.140388475,443.41880377800004
3,10,452.24799808766676,342.485908182,735.84224272
3,11,621.3562075640333,362.21499187999996,1058.5680329
3,12,5229.812278155999,450.65821631,22459.8610368
4,1,241.48775136276666,169.20276284199997,333.030776543
4,2,249.0501801429667,183.000797805,371.207150573
4,3,274.98962086000006,193.97468556,433.156678818
4,4,245.86361051379996,189.575648172,310.94152339799996
4,5,176.2127376117,145.423474863,222.59772092400001
4,6,147.08427786387335,115.413797746,184.48616768000002
4,7,102.39109084623666,89.4830137266,118.872665919
4,8,83.22499169729001,75.209678672,91.593683256
4,9,91.78973841406668,79.160913873,113.298148952
4,10,187.4635838488333,110.81950077799999,333.9053844
4,11,295.729441061,151.74235939000002,480.57938544
4,12,182.11257609897143,105.15878501999998,371.1532108
5,1,1012.5297290136666,684.67448294,1361.42226165
5,2,779.2782653463333,567.93083952,1334.44937364
5,3,1040.532513236,690.6318636000001,1654.67537781
5,4,709.3549111948333,514.39508883,962.15272701
5,5,511.2439976669,430.45806269699995,630.2178485500001
5,6,423.05758129483337,382.504166697,497.109349862
5,7,398.3905014559334,379.97901058,424.468672104
5,8,359.17929186206663,342.80243770499993,380.198552553
5,9,405.47464582086667,363.367540276,472.55394342
5,10,474.95661715209997,375.50699611199997,687.3227006399999
5,11,686.5908565350667,442.705453626,1205.14682526
5,12,8247.67483667,804.6460834300001,25432.841732499997
6,1,298.8868488939667,200.94715482400002,430.013303965
6,2,275.3899252545,200.365234497,416.56521586400004
6,3,308.6573403831666,216.069560586,504.03367763599994
6,4,241.19200839970003,176.603342644,321.01471412999996
6,5,145.55642774003334,117.84002616000001,187.752767125
6,6,113.00523187019665,87.79950260550001,142.17774774999998
6,7,74.99151559017668,64.3110171345,88.1111515207
6,8,56.24189206718999,49.093871549,63.4334679594
6,9,56.175041716939994,50.245825939999996,71.0561623095
6,10,111.454251284,65.15317340099999,206.1974446
6,11,230.5190683419,105.70240824000001,444.827450795
6,12,216.24832308382855,124.48086487199998,352.95680432
7,1,356.03947152733326,237.01001531999998,506.76950581000006
7,2,359.817214363,255.78860497,547.2767762
7,3,445.58763961233325,305.16072138000004,731.9836822400001
7,4,364.42811325166673,263.77932755999996,481.52552142
7,5,211.37323381033332,167.45755256,277.96648662
7,6,157.3258624436,120.56556286000001,200.77163854
7,7,102.89553894122666,89.04821627099999,120.68033136799998
7,8,79.21291234581668,70.05626445380001,87.8370497788
7,9,83.24254686391333,73.5188288735,106.948715867
7,10,174.32247719287997,99.45868557740002,311.187384688
7,11,347.40319163596666,154.56713758200002,635.82466532
7,12,271.14607179011426,151.6393332,483.625148776
8,1,6379.102290817,4645.7452206,8654.100776100002
8,2,5392.352709869668,4012.6405385699995,7880.571134399999
8,3,7029.9686014926665,5043.69549508,11164.3095182
8,4,6408.969281938,4774.33701514,8260.6791616
8,5,3755.5868423100005,3034.8864134,4816.7448454
8,6,2629.9834978366666,2022.369034,3306.9365125
8,7,1811.24492586,1564.5864894000001,2118.8430032
8,8,1460.0245827100002,1284.9652959,1596.8355935000002
8,9,1460.7296822933333,1311.842646,1849.2371528
8,10,2660.828450442333,1609.0323215,4939.8551003
8,11,5513.199399263333,2807.9684534000003,10038.992683999999
8,12,7190.6721578854285,4855.1610845000005,11022.275040000002
9,1,6379.102290817,4645.7452206,8654.100776100002
9,2,5392.352709869668,4012.6405385699995,7880.571134399999
9,3,7029.9686014926665,5043.69549508,11164.3095182
9,4,6408.969281938,4774.33701514,8260.6791616
9,5,3755.5868423100005,3034.8864134,4816.7448454
9,6,2629.9834978366666,2022.369034,3306.9365125
9,7,1811.24492586,1564.5864894000001,2118.8430032
9,8,1460.0245827100002,1284.9652959,1596.8355935000002
9,9,1460.7296822933333,1311.842646,1849.2371528
9,10,2660.828450442333,1609.0323215,4939.8551003
9,11,5513.199399263333,2807.9684534000003,10038.992683999999
9,12,7190.6721578854285,4855.1610845000005,11022.275040000002
10,1,158.58352146033332,129.05236197,194.612469856
10,2,152.05503883513336,89.72117700000001,252.64035024
10,3,120.52930720629999,82.665787008,185.89046830200002
10,4,89.95235924210002,69.741557874,119.587202644
10,5,123.06283320870001,113.456634105,141.598451558
10,6,155.03663762383337,121.21599671999999,166.47535655099998
10,7,153.16379016673338,145.97206153599998,162.341801352
10,8,153.04048992449003,143.891602288,162.96891137999998
10,9,161.93371249422003,152.5426526759,185.35330238
10,10,197.07419023023337,161.24390485,277.2380965
10,11,206.57779143833338,132.51410856,334.84859304
10,12,983.7535441225715,66.08500511999999,6226.174047500001
11,1,268.27522939133337,178.7304138,381.87975921
11,2,270.92850282399996,192.6029865,412.083975
11,3,335.554332026,229.65243417999997,551.32608748
11,4,274.60655103966667,198.89293858,362.64228908
11,5,159.22239267566664,126.02766682999999,209.45042272
11,6,118.47129042786668,90.68610304,151.28118702
11,7,74.16282244157333,64.0172257718,88.29313616799999
11,8,59.49890115424666,52.8428825547,65.8092701916
11,9,63.45743881144333,55.550981730000004,81.6140360225
11,10,135.19146351585667,75.9223354136,240.96974587900002
11,11,328.5593234810333,149.41234035000002,614.500505112
11,12,261.86404030302856,146.4316158,467.498782602
12,1,492.09318190320005,359.69640277999997,658.46646354
12,2,397.8735505085,253.47510684299996,676.912752126
12,3,357.5835320180999,239.81346289200002,557.3402466299999
12,4,273.35834290503334,199.19219683,367.507139337
12,5,214.38751867736667,181.57024555799998,264.73370329
12,6,170.27750148986667,154.212196242,200.52623294
12,7,176.16435662756666,153.908799742,188.699864068
12,8,164.29785911689999,156.123580425,177.12922416
12,9,185.94259585133332,167.60796864,227.75966742
12,10,237.62883782999998,174.08321550000002,380.973
12,11,333.77104711033337,202.83998390000002,568.21011715
12,12,2667.902228553143,237.81081593999997,11015.586523900001
13,1,318.0336826186,203.37455046300002,449.7933334
13,2,283.1490941745333,181.797613488,486.74094368000004
13,3,264.81658105663337,175.6984405,418.93639373999997
13,4,196.87976831920005,142.66938996000002,268.94470024500004
13,5,152.1681751408333,128.134888672,188.088621646
13,6,118.53559797076669,106.744951236,139.00169918999998
13,7,121.06520376826666,106.558336932,129.52725816
13,8,112.60149993478332,107.3528637433,119.16179345999998
13,9,122.09423991949333,113.197264792,142.285636407
13,10,143.85661903066668,112.05257847,220.21858657800001
13,11,192.5876740841333,113.23603497799999,336.227554994
13,12,1621.763435977657,136.47393909000002,6993.2561716499995
14,1,538.6648407393334,402.19573076000006,712.2235885700001
14,2,430.9253492776333,274.256637547,730.691323362
14,3,384.9804245210999,258.90652796800003,598.314797856
14,4,295.7359643443333,216.15626646,396.52990124999997
14,5,233.2947557783333,198.3425996,287.22851619
14,6,186.7491750436667,169.62892818,219.365931
14,7,194.31141509199998,169.37842193999998,208.0152991
14,8,181.71297160066663,172.7493724,196.32478574
14,9,207.59090939100005,185.98284843,255.7613853
14,10,266.70456811900004,195.75923895999998,421.60180268000005
14,11,371.5433443889999,228.68027447999998,625.61208345
14,12,2917.623094266,264.29879520000003,11966.7740645
15,1,365.62498104866677,238.91546183999998,514.85142306
15,2,320.1328107356666,204.9698376,549.69020106
15,3,296.8039412972,196.819412194,466.98114521
15,4,221.05827154676666,159.27636827,300.709737054
15,5,169.80733217489998,142.617420736,210.647382328
15,6,131.92699967773333,118.82284638700001,155.069714592
15,7,134.6306674261,118.51718151000001,144.14344801599998
15,8,125.24610676413334,119.3952849,132.92403572
15,9,136.40656988743333,125.81877976199999,160.876762735
15,10,163.74930220573333,124.96421137499999,261.535205783
15,11,223.37535062576663,130.278753432,384.81708235
15,12,1882.2624745457138,160.9606768,8117.053949759999
16,1,449.37770608833324,299.18132188000004,639.76139794
16,2,454.14115057466665,322.79302496,690.6785874
16,3,562.3946571803334,385.1291388,923.9327406900001
16,4,459.9599194559999,332.98396287,607.68478252
16,5,266.72250865899997,211.06872189,350.79272234999996
16,6,198.56903804833334,152.10687030000003,253.48424181999997
16,7,129.86083551573,112.386367971,152.26695071999998
16,8,99.96746535819001,88.36324994750001,110.8652731839
16,9,105.05803807025669,92.797028775,134.99170114749998
16,10,219.9960436962233,125.5480758342,392.73591933
16,11,438.42001104733333,195.038668048,802.49456316
16,12,342.2085124078571,191.39470012,610.29532038
17,1,134.55717502119998,86.488036796,190.12860587
17,2,119.25080577036667,76.50164721,204.8800767
17,3,111.28078421429998,73.844061984,175.86188796000002
17,4,82.75329558627666,59.866642905599996,112.93848412000003
17,5,63.85308024261,53.7324406729,79.0234674684
17,6,49.707436124186664,44.782542571200004,58.3266891193
17,7,50.756473257596674,44.6706531088,54.3083118766
17,8,47.2166592591,45.0194688542,50.028768590800006
17,9,51.24257739710666,47.44099827920001,59.8770265119
17,10,60.67921094884,47.0412180024,93.86159678279999
17,11,81.70205804810001,47.87673504199999,142.769060658
17,12,688.032516631,58.15483478,2965.12357075
18,1,273.0526768844,189.859062048,377.581940508
18,2,267.3718993450667,195.478189102,398.33500075
18,3,310.8082604570001,220.43597340999997,489.08430300000003
18,4,263.118133219,199.87355416,335.81191936
18,5,158.57904813222666,129.8474952828,202.1026455
18,6,114.68243886036667,89.30422183169999,143.41757476
18,7,74.76307031237002,65.0198504808,87.50521069919999
18,8,59.47297425551,52.571169382,66.2860960828
18,9,62.459505516673325,54.7336792881,78.9417105372
18,10,136.21065495305336,74.54668809539999,233.35635522
18,11,264.8246006716467,132.1682896248,445.93892217200005
18,12,228.819110607,139.436025069,348.66844985700004
19,1,127.23473358890001,103.56074785599999,156.026266165
19,2,122.01186729070001,72.00381988800001,202.579614445
19,3,96.70256398190001,66.35818742699999,149.154869458
19,4,72.19758263090002,56.00707545600001,95.963955714
19,5,98.94693507550002,91.13554168,113.73546356800001
19,6,124.90409162891663,97.573976955,134.042727265
19,7,122.99258178566335,117.15663350999999,130.3971676896
19,8,122.79391937784335,115.47841873880002,130.7139097274
19,9,129.92047928923,122.3745849371,148.7043238199
19,10,158.12420963917666,129.408235768,222.42613400000002
19,11,165.71983198233335,106.31092416,268.33627372
19,12,789.0198892945714,53.07624326,4988.4784956
20,1,255.1334333924,186.60190353,341.52147774
20,2,206.3249734808,131.47695923999999,350.98432898
20,3,185.44333393230002,124.38275571,289.01358588
20,4,141.7520929406667,103.23732636,190.57510022899996
20,5,111.16723525435333,94.1532714036,137.27289148
20,6,88.28760624217999,79.9310137017,103.9383444
20,7,91.34203428671336,79.8287059011,97.81844149760002
20,8,85.17790208945334,80.9630222544,91.841180788
20,9,96.38625883410002,86.89570520800001,118.05482509000001
20,10,123.1770235332,90.27713189100001,197.54642247
20,11,173.0039866549333,105.10453484400001,294.64300920000005
20,12,1383.268986102,123.26081280000001,5713.5636433
21,1,2625.0917342200005,2187.4286055000002,3507.8826797999996
21,2,2295.170236026333,1766.6209348199998,3028.2263395799996
21,3,2176.478853031333,1676.62853823,3035.22327063
21,4,2131.213067219,1767.89088431,2331.42609112
21,5,2110.8771440037663,1838.308079608,2408.69206368
21,6,1604.3410856050336,1249.1489272019999,1831.2311616000002
21,7,1201.4699903903,1090.1500970719999,1254.4978326620003
21,8,1226.9435556745668,1025.8617122879998,1423.410035619
21,9,977.1840833574001,836.34560475,1186.766738048
21,10,1477.8952704932667,1016.95204091,1899.0788642599998
21,11,2223.276504128667,1426.4191774,3189.5390969999994
21,12,2885.234424057143,2238.8522079,4076.8884817999997
22,1,2625.0917342200005,2187.4286055000002,3507.8826797999996
22,2,2295.170236026333,1766.6209348199998,3028.2263395799996
22,3,2176.478853031333,1676.62853823,3035.22327063
22,4,2131.213067219,1767.89088431,2331.42609112
22,5,2110.8771440037663,1838.308079608,2408.69206368
22,6,1604.3410856050336,1249.1489272019999,1831.2311616000002
22,7,1201.4699903903,1090.1500970719999,1254.4978326620003
22,8,1226.9435556745668,1025.8617122879998,1423.410035619
22,9,977.1840833574001,836.34560475,1186.766738048
22,10,1477.8952704932667,1016.95204091,1899.0788642599998
22,11,2223.276504128667,1426.4191774,3189.5390969999994
22,12,2885.234424057143,2238.8522079,4076.8884817999997
23,1,582.6672879064333,407.481106711,769.05071824
23,2,516.1658448317,391.18462872000003,868.3907306399999
23,3,613.2809524396666,422.2226412,949.2107218
23,4,414.36638395000006,306.08430250000004,554.75628039
23,5,280.51921080466667,237.43057554,344.28580956
23,6,241.48090191850002,220.16287354800002,283.72844354399996
23,7,226.04305933949996,215.988931053,238.253564703
23,8,217.0232690621667,209.408180182,231.89764549600002
23,9,246.72369452446668,224.3288516,295.40607668
23,10,325.7756003801,258.663382066,488.31311592
23,11,419.23699225993334,273.287397639,676.6120622299999
23,12,3506.214542706086,327.975936778,12538.796675759999
24,1,1770.24357183,1329.8876023999999,2332.3671129
24,2,1412.036770763,898.63430525,2392.1330147
24,3,1259.3018245176668,847.8977262300001,1955.4756719700001
24,4,968.9313928433334,708.92074864,1297.6862535
24,5,765.9838225206669,652.4686392,942.9167781
24,6,614.7102877169999,558.78013938,721.3179337
24,7,640.6924922110001,558.0673748400001,685.6643669
24,8,599.8134654769999,570.01775336,648.89511924
24,9,687.1079123056667,615.1913684599999,845.62726056
24,10,883.7168122103335,649.35019008,1390.12553075
24,11,1227.4329525983335,757.92582336,2053.0568626
24,12,9585.578903137142,872.2160360999999,39220.319325000004
25,1,964.866396671,642.64447396,1372.45284
25,2,975.0657928473333,693.5084907,1483.6985006999998
25,3,1207.3553081676666,826.661472,1982.5992144699999
25,4,988.0087055096668,715.75492744,1304.40076848
25,5,573.0214653933332,453.68393202000004,753.64144578
25,6,426.61975260366665,326.84870988,544.49843424
25,7,272.03804675013333,235.25444901400002,320.21566177000005
25,8,217.23978344436668,192.76519642999997,240.11277392000002
25,9,227.1339412287667,200.37622701499998,291.50234982
25,10,479.13202822359995,271.297114968,854.251179496
25,11,945.3015570088332,420.57974809199993,1726.178923401
25,12,734.6140375799429,410.85925885000006,1313.508776195
26,1,17236.780320816662,14158.070922599998,23182.2453585
26,2,17560.09257716333,13978.632420999998,23179.269292499997
26,3,19793.131692356666,14768.909264000002,27741.1753456
26,4,16400.24561668,14176.750584399999,18178.154400000003
26,5,12663.965949999996,10089.1967946,16329.576234
26,6,8188.906218779999,5938.348403399999,9836.0402526
26,7,5579.422075876666,5082.9845723,5883.860606
26,8,5736.580439719666,4800.04714959,6668.179815199999
26,9,4750.902746974668,4421.66316296,5598.059321000001
26,10,7219.82307835,5305.2051594,9297.140696999999
26,11,11417.288647293335,7175.153688599999,17948.1546789
26,12,16435.500074714288,13311.9711777,22947.5154653
27,1,17236.780320816662,14158.070922599998,23182.2453585
27,2,17560.09257716333,13978.632420999998,23179.269292499997
27,3,19793.131692356666,14768.909264000002,27741.1753456
27,4,16400.24561668,14176.750584399999,18178.154400000003
27,5,12663.965949999996,10089.1967946,16329.576234
27,6,8188.906218779999,5938.348403399999,9836.0402526
27,7,5579.422075876666,5082.9845723,5883.860606
27,8,5736.580439719666,4800.04714959,6668.179815199999
27,9,4750.902746974668,4421.66316296,5598.059321000001
27,10,7219.82307835,5305.2051594,9297.140696999999
27,11,11417.288647293335,7175.153688599999,17948.1546789
27,12,16435.500074714288,13311.9711777,22947.5154653
28,1,288.99554880133326,189.40210912,406.68061221
28,2,252.58430069456668,161.66070792,433.63922723
28,3,233.92924419939996,155.100371594,367.7498840399999
28,4,174.27313263156665,125.45000191199999,236.90902723400004
28,5,133.7878252961,112.271519298,166.04347522999998
28,6,103.90565195273332,93.53579521500001,122.17847820799999
28,7,106.03565611979,93.328751809,113.526156445
28,8,98.65237628793332,94.00989694300002,104.7639704916
28,9,107.50410715871332,99.08157005519999,127.00854546600002
28,10,129.30477887611,98.5172507475,207.40114696
28,11,176.73467345789996,103.03191024300001,303.568884824
28,12,1489.0093541862857,127.582548,6415.8362169
29,1,891.5177216553334,726.69975816,1088.6560776000001
29,2,855.5927249476666,504.80420652000004,1418.89994588
29,3,677.7491948286668,465.48075168,1045.4677091100002
29,4,506.7886370953334,394.18924272,673.57588658
29,5,698.7343960484999,641.4361114,800.63452686
29,6,887.9990704222333,692.4631923599999,949.837650099
29,7,864.1309991983334,821.229759696,918.8741151520002
29,8,860.7489521012667,809.4334122370001,916.357556112
29,9,910.6753507160998,857.732010423,1042.47779518
29,10,1108.3806779508998,907.0988794999998,1559.2110268000001
29,11,1161.2434675840002,745.02278127,1872.2001053999998
29,12,5524.55616936,373.210686,34796.808624000005
30,1,545.4969453446668,354.17576838,769.42986544
30,2,479.7188954104334,307.386068848,823.84397685
30,3,445.89549118139996,295.757552488,702.7916895999998
30,4,331.8705933199333,239.51253808400003,452.02126809899994
30,5,255.34708998983336,214.56435492999998,316.52295935
30,6,198.53925971303335,178.73422775,233.243628576
30,7,202.6423752340667,178.36081566800001,216.783382842
30,8,188.5182343038667,179.7051399,199.98994747
30,9,205.05328787033335,189.39449479499999,241.019990391
30,10,244.89449213549997,187.982634359,386.405913897
30,11,332.4578350036,194.179512636,577.325429067
30,12,2801.1054196351715,238.5443988,12075.245594900001
31,1,51.34793499653333,35.997916593,70.794916234
31,2,52.95396670175667,38.914836343599994,78.938885574
31,3,58.449240289956656,41.23526792,92.081883537
31,4,52.26232207053334,40.313095666799995,66.06393876319999
31,5,37.478390494813326,30.9405440007,47.33411039280001
31,6,31.294777600166665,24.568860145800002,39.2330459184
31,7,21.014663730090003,18.332174819099997,24.4846977255
31,8,17.991281527246667,16.334190892,19.8820026
31,9,19.659322700966666,17.193067065999998,24.218690056
31,10,40.59628823196667,23.697617536,72.245100321
31,11,63.09045512263334,32.318898276,102.14335911999999
31,12,38.78238580170286,22.416690667,78.89042872
32,1,809.2744648370333,562.5894687900001,1119.019728564
32,2,792.4435051257666,579.394487106,1180.4672285
32,3,921.1877253043333,653.27767184,1449.01435
32,4,779.852757801,591.9026136,995.35613046
32,5,469.9268822018,384.575920736,598.99323204
32,6,339.7790218676333,264.47339809799996,424.669555275
32,7,221.4583540004,192.624055344,259.14827718
32,8,176.115782772,155.62528233,196.248504042
32,9,184.96732399829997,162.031075386,233.63443289999998
32,10,403.4243333678333,220.883799708,690.9757267049999
32,11,784.6722954270333,391.477945278,1321.595631504
32,12,678.1205292297715,413.246527012,1033.374791482
33,1,670.5937642458666,496.22330644000004,891.86986251
33,2,538.8541785108333,343.11337235499997,915.029879357
33,3,482.6364368982,324.18407038600003,750.6558808000001
33,4,369.95134343833337,269.945325,496.53837856
33,5,291.07426810199996,247.13911692000002,359.03285082
33,6,232.18231551000002,210.6747504,272.93626554
33,7,240.9206035587667,210.16245944,258.00674172
33,8,225.00409401480002,213.86549065,243.01921056
33,9,256.017438026,229.9806847,314.6590724
33,10,328.2777967186667,240.65437688000003,523.042728
33,11,459.17783207533336,281.48478535,779.21104806
33,12,3633.8225737999996,327.00000736,14954.657945
34,1,197.66530550909997,160.9546844,242.25427325200002
34,2,189.5744158549,111.83537878599999,314.776837451
34,3,150.24461824876667,103.091316744,231.707339238
34,4,112.18828248089999,87.092413848,149.062413504
34,5,153.83457841836668,141.596133653,176.776865397
34,6,194.3478604359,151.77592019099998,208.45161199799998
34,7,191.14441608323332,181.95277226000002,202.722663988
34,8,190.7587783349333,179.456240548,203.06530560400003
34,9,201.82835287659998,190.034307817,231.10618988
34,10,245.64769256799994,200.95932945,345.55497375
34,11,257.4681896343333,165.17507164999998,416.68106256000004
34,12,1225.6533570442855,82.4778748,7745.4156545999995
35,1,231.68606828053333,188.359604028,285.33871168
35,2,222.05869205656666,130.99251438000002,369.30532612
35,3,176.1308808898667,120.706745858,271.64398272
35,4,131.27457186233332,101.538626012,174.54538730700003
35,5,178.6598233897333,165.16643041199998,206.24056079999997
35,6,223.6987929723667,175.24232465400002,240.88980075599997
35,7,223.0407795657,213.449585457,236.55941425499998
35,8,223.6925894980667,210.259343482,238.08837893199998
35,9,236.6866328682,222.98150742,270.92463955
35,10,288.0659595637666,235.74924912,405.29104336
35,11,301.98183858000004,193.62316493,490.84949615
35,12,1438.1868680794285,96.37133532,9101.825999
36,1,1285.9075722710002,856.4221481000001,1831.0922288
36,2,1299.1045854926665,923.2798271999999,1975.4996944000002
36,3,1608.9218237366667,1101.4115976,2642.6044469999997
36,4,1316.3193496850001,953.27961735,1738.3906043999998
36,5,763.211008876,604.33200945,1004.1951112400002
36,6,568.1493257523332,435.12863187,725.3006898799999
36,7,371.56246272873324,321.626989866,435.66502287
36,8,286.14302804616665,252.994793909,317.254625664
36,9,300.88482320463334,265.84501420099997,386.443518966
36,10,630.2779570057999,359.66571928099995,1124.565015274
36,11,1255.8589628764337,559.12841696,2298.4414911
36,12,979.6171477945715,548.05195991,1747.80655417
37,1,3949.5506265733343,2747.7768539,5461.8260202500005
37,2,3867.6314118476666,2827.753979,5761.6050432
37,3,4495.29474754,3188.3515818,7073.8482754
37,4,3805.3640794799994,2890.6044832,4856.578283999999
37,5,2296.2896873733334,1881.2746249200002,2925.3959822
37,6,1662.141984122433,1295.215245324,2077.04045076
37,7,1084.7919320573335,943.975289694,1269.169560354
37,8,863.9990693600333,764.254809392,963.0498173860001
37,9,908.5972951843665,796.024470104,1146.8954071169999
37,10,1979.0947292744336,1084.387740048,3390.4377144
37,11,3834.9463911636662,1917.5318628899997,6448.6172432
37,12,3309.909572126,2019.0041723600002,5038.44580789
38,1,33946.43179076667,24220.154683,43448.095278
38,2,32841.88796636667,25255.880104999997,40504.082502000005
38,3,31513.418356666665,25830.286935,44688.291915999995
38,4,32322.56332463333,27434.689576,36199.6447743
38,5,30717.164070623334,25462.01536,35677.0056531
38,6,23102.750173690005,19637.6909231,29322.857824599996
38,7,17492.650448610002,14494.91703,22737.7568033
38,8,12837.649408700001,10258.759133999998,14862.6289416
38,9,11230.390028803335,9736.5228696,13144.162739
38,10,18615.594497893333,11058.190209,40811.402764800005
38,11,35539.245688359995,20173.5106842,53578.2038074
38,12,32488.984026657152,23622.398028,44477.427267
39,1,33946.43179076667,24220.154683,43448.095278
39,2,32841.88796636667,25255.880104999997,40504.082502000005
39,3,31513.418356666665,25830.286935,44688.291915999995
39,4,32322.56332463333,27434.689576,36199.6447743
39,5,30717.164070623334,25462.01536,35677.0056531
39,6,23102.750173690005,19637.6909231,29322.857824599996
39,7,17492.650448610002,14494.91703,22737.7568033
39,8,12837.649408700001,10258.759133999998,14862.6289416
39,9,11230.390028803335,9736.5228696,13144.162739
39,10,18615.594497893333,11058.190209,40811.402764800005
39,11,35539.245688359995,20173.5106842,53578.2038074
39,12,32488.984026657152,23622.398028,44477.427267
40,1,585.2492545456666,392.21237520000005,788.7541089999999
40,2,552.821553356,414.84803461,937.418846
40,3,629.2343408576667,423.3136494,986.9365014
40,4,420.20893092,306.5012205,567.0140905999999
40,5,322.2315471431333,272.346859808,395.2028262
40,6,262.25486874576666,237.723781272,306.13058512000003
40,7,191.65338865266665,180.416513136,237.227759415
40,8,232.91412160213332,177.82075589999997,251.37400697600003
40,9,248.11352892944336,233.80948553040002,283.38250468
40,10,261.5468449127767,210.4497882069,362.00190792
40,11,408.47567086656676,277.753550501,712.6415782
40,12,4202.527743297429,401.046053,14995.919788000001
41,1,1086.8425256666667,726.5570184000001,1467.40244
41,2,1025.82149951,768.6033500000001,1745.9808469999998
41,3,1169.2035333200001,784.3294891000002,1839.5064297000004
41,4,778.5615572813333,567.0553002399998,1051.3141538
41,5,595.8038322403333,503.2093956299999,731.3287137999998
41,6,484.2893834216666,438.7081895,565.6891519700001
41,7,353.68113663133335,332.8521884,437.7238824000001
41,8,429.48998520540005,328.025406261,463.572893126
41,9,457.60101391309996,431.122631384,522.9496937120001
41,10,482.67741554773323,388.08579648,668.909961
41,11,755.2554795908,512.5427729060001,1319.6657032
41,12,7791.63733266,743.2542414,27809.552030000003
42,1,1306.0857099399998,871.7117544000001,1764.8501868000003
42,2,1232.1788773766666,922.2745090999999,2101.0930075000006
42,3,1405.1029514933332,941.371494,2212.909727
42,4,934.4367143333333,680.2020709,1262.1471957
42,5,714.4606395856666,603.3093146000001,877.4224455000001
42,6,580.5217922736666,525.72689514,678.2954811000001
42,7,423.8877793363333,398.79891813,524.5392928
42,8,514.5899018914665,393.04086108000007,555.49659708
42,9,548.3000892120666,516.44772355,626.7378455099999
42,10,578.4780327897,464.98118941999996,802.0063129999999
42,11,905.9509045940667,614.28918784,1584.3031035999998
42,12,9356.979508822855,892.3452674999999,33399.45123399999
43,1,1540.0059244566667,1030.596292,2077.5034455
43,2,1454.2119055299997,1090.165,2471.161056
43,3,1656.3800798000002,1113.0585820000001,2602.0472095999994
43,4,1104.6271433266666,805.375487,1490.9444968
43,5,846.3121477533332,715.3694611,1038.704414
43,6,688.3050633689334,623.694632308,803.6268539
43,7,502.8282415255666,473.26802913,622.285722381
43,8,610.8614873064332,466.43481932099996,659.298225122
43,9,650.805327968,613.21396929,743.5673457099999
43,10,686.1875506210333,551.946988677,950.2079055
43,11,1072.6632517130001,728.83847505,1872.4805253000002
43,12,11051.295109771427,1054.0744218,39433.97510899999
44,1,781.1249912806669,521.6010186200001,1055.6247297
44,2,737.0654972833332,551.77886454,1256.4209466
44,3,840.2852679199999,563.1704858999999,1323.0067589999999
44,4,558.9215929616668,406.88530799999995,754.804155
44,5,427.46360648366664,360.98164349999996,524.9547752700001
44,6,347.3353273313333,314.56538692999993,405.80242200000004
44,7,253.62179776666662,238.68753446999997,313.9107558
44,8,307.91274391583335,235.21915565999998,332.365127848
44,9,328.0795254586,309.032132024,375.00893951399996
44,10,346.11814090466663,278.246373867,479.76456681
44,11,541.9299102526334,367.56466128,947.414548
44,12,5596.541902385715,533.893516,19971.62092
45,1,918.7603945966665,615.410392,1238.2982225
45,2,867.8551053066666,651.1965929,1471.9125816
45,3,987.88802683,664.476258,1549.8867999999998
45,4,659.6464323476667,481.28052123,889.9498584
45,5,505.8230329466667,427.60247563999997,620.4318237
45,6,411.6626308120667,373.14458642100004,480.52968808
45,7,300.8425043492667,283.24031228000007,372.34720503200003
45,8,365.5928429764666,279.11136973500004,394.55770200000006
45,9,389.46634303835333,367.05670965,444.8171807460001
45,10,410.5523746793933,330.3899024732,568.084929248
45,11,641.2101316182001,435.984927766,1118.7067507999998
45,12,6597.260882848573,629.5437876,23539.923868
46,1,1596.5851142766664,1070.4607102,2151.6671055
46,2,1321.7361157433334,986.9266672,2227.8569184000003
46,3,1579.2688385166666,1063.340106,2476.3254564
46,4,1063.0123354122666,775.849849038,1434.7388213
46,5,729.8140975188667,616.5674367199999,894.20686722
46,6,594.7647080051667,539.3014945890001,694.10077089
46,7,549.8570455715333,523.5645997400001,584.771644464
46,8,499.9450315456,475.2909778939999,528.26173906
46,9,520.6121243484766,490.68987040480005,594.151356024
46,10,644.2824241915434,527.9101097591,907.5076482420001
46,11,1028.1977267205334,699.8544772739999,1793.4210675000002
46,12,12687.470930791429,1302.9457524,39132.303496
47,1,22303.274017306663,16183.3840965,26616.888989600004
47,2,19951.263027493336,12627.4017846,26104.0979854
47,3,16431.101425279998,12778.2104512,21896.0605675
47,4,16807.66454804,15059.4156765,19845.076808
47,5,13704.982280276665,10693.106612,16311.554856899997
47,6,9498.684468393334,7026.067816899999,12840.631090300001
47,7,5910.394574981666,4369.55106588,8003.327398
47,8,4307.794040345333,4165.3742793,4707.35371358
47,9,5155.379185141665,4242.54378627,7483.25113776
47,10,9418.055076493334,7069.426204599999,17210.8327392
47,11,16605.52278615,9943.0326424,23727.559113699997
47,12,20469.780541405715,14693.828415,27872.1232316
48,1,22303.274017306663,16183.3840965,26616.888989600004
48,2,19951.263027493336,12627.4017846,26104.0979854
48,3,16431.101425279998,12778.2104512,21896.0605675
48,4,16807.66454804,15059.4156765,19845.076808
48,5,13704.982280276665,10693.106612,16311.554856899997
48,6,9498.684468393334,7026.067816899999,12840.631090300001
48,7,5910.394574981666,4369.55106588,8003.327398
48,8,4307.794040345333,4165.3742793,4707.35371358
48,9,5155.379185141665,4242.54378627,7483.25113776
48,10,9418.055076493334,7069.426204599999,17210.8327392
48,11,16605.52278615,9943.0326424,23727.559113699997
48,12,20469.780541405715,14693.828415,27872.1232316
49,1,473.34857055033325,317.23433568,638.1705395
49,2,447.17827492066675,335.5636988,758.3360000000001
49,3,508.9777986700001,342.3852247600001,798.5873688
49,4,339.9044086576667,247.95174329999998,458.62914636
49,5,260.6502891559666,220.333641363,319.76703105999997
49,6,212.1395610778667,192.283078488,247.62374609999998
49,7,155.0331023346,145.90977689399998,191.88514452
49,8,188.40909917843334,143.869391337,203.29316292
49,9,200.70474789908667,189.15520008910002,229.270873491
49,10,211.57192136916672,170.28842796,292.758690752
49,11,330.41144764203335,224.684128014,576.4623696
49,12,3399.3601667371427,324.35270832,12130.739684999999
50,1,48.65352327018666,31.188925885600003,68.801913544
50,2,43.22553507607001,27.740404645399998,74.28300062999999
50,3,40.38828957072667,26.7946229344,63.877501422
50,4,30.031362382683334,21.7425183456,40.998199265000004
50,5,23.192271648840002,19.5289988409,28.684671516
50,6,18.060422939730003,16.27237045,21.18435505
50,7,18.44357006197,16.235071875,19.733044891500004
50,8,17.158137532416667,16.360229885000003,18.1614654366
50,9,18.610087962576667,17.238652900800002,21.70511568
50,10,21.976731440176664,17.085771318000003,33.786056669400004
50,11,29.496015640030006,17.3207619044,51.524322122
50,12,248.39439595918853,20.937249018,1070.7931934399999
51,1,230.65043803166665,148.6708845,325.75427071
51,2,203.98812308610002,130.84456946,350.34784113
51,3,190.1828282246,126.14155173,300.39390421999997
51,4,141.4568545923,102.27034191500002,192.93792777000002
51,5,109.07585211595334,91.7579273376,135.000377483
51,6,84.88364538511333,76.4552573414,99.669524196
51,7,86.66940961755333,76.287330588,92.72750336280001
51,8,80.62311727435,76.86376658729999,85.428633815
51,9,87.54539906189001,81.0088416891,102.398430904
51,10,103.88956648098664,80.32583774790001,161.468003279
51,11,140.17388363945003,82.10524701899999,244.65403224
51,12,1180.7293464822858,99.97074432000001,5091.524308800001
52,1,1667.96919382,1090.5800166,2347.5186624000003
52,2,1459.2762805583332,933.7861070000001,2506.0493232000003
52,3,1352.392034157333,897.04163925,2127.3863455
52,4,1007.3536536934334,725.6206118069999,1370.12358771
52,5,773.6415246688334,649.5209730959999,959.56020071
52,6,600.9804452210667,541.232609632,706.685607195
52,7,613.2539910285668,539.901974472,656.6093998199999
52,8,570.5489831422668,543.753048768,605.92102911
52,9,621.4763509585667,573.054336868,733.5645364439999
52,10,746.7748946535999,569.8152402640001,1194.6072729179998
52,11,1019.3313788058665,594.59104173,1753.4839003200002
52,12,8589.46187734857,735.2373798,37007.649184
53,1,303.64014214300005,194.122274236,429.52465268
53,2,270.52139595166665,173.713932832,465.0819754
53,3,253.05965576570003,167.892448681,400.4529825
53,4,188.14704091763335,136.357408642,257.063113126
53,5,145.450098334,122.53026988800002,179.74206876
53,6,113.31086252633332,102.09526812,132.828878768
53,7,115.71908801080002,101.815711575,123.78468408700002
53,8,107.64573205778666,102.6267775904,113.98524894100001
53,9,116.7094141111,108.16704003509999,135.90616362999998
53,10,137.43413361031668,107.14791494880001,209.95529106
53,11,183.82036410150005,108.12881802899999,320.793235236
53,12,1547.665699946,130.14162672,6670.98387516
54,1,1014.0128180323333,654.6397508,1431.639552
54,2,895.4997323448001,574.169435856,1537.752816
54,3,834.2837274002001,553.351497135,1317.1738634
54,4,620.5699662113,448.52406174099997,846.0313264
54,5,478.2360049319667,402.197572328,592.1862160320001
54,6,372.11669569000003,335.135682492,436.80254282500005
54,7,379.9082166651666,334.389314232,406.495196883
54,8,353.4117633554,336.89423625,374.493855575
54,9,383.9027374915,355.14263806799994,449.65772099599997
54,10,456.3438257751333,352.05243666999996,712.3527794
54,11,616.6936536032334,360.795060138,1075.6380848200001
54,12,5194.474449865001,440.41369679999997,22382.150017799995
55,1,533.5078456653999,342.38801856,754.2882796
55,2,473.48213091689996,303.82331735,813.70526001
55,3,442.16265745940007,293.33702764,699.12355752
55,4,328.7970712772001,237.975664368,448.8877849659999
55,5,253.81638753283332,213.692361168,314.003731473
55,6,197.6270374591333,177.9749169,231.869101716
55,7,201.79533184660002,177.60180267,215.88370584
55,8,187.72337602043334,179.018575412,198.896595914
55,9,203.65949752236665,188.70410804699998,237.82912453299997
55,10,240.7945941274,186.83725715999998,371.11219519499997
55,11,323.65127604346674,189.89003348100002,565.431679732
55,12,2725.821252264857,230.02130386,11754.208394899999
56,1,450.4262115003333,304.79541183,754.3088730000001
56,2,378.9579617776666,251.6591421,522.3099231
56,3,520.678452595,312.84907004,1033.2210192
56,4,271.0487017268667,168.06049979399998,408.16492816
56,5,134.89630468516665,98.805845894,173.77379763
56,6,104.00514166899667,82.5483663536,130.98187814099998
56,7,82.19864665877499,67.46852206707999,110.540301696
56,8,339.34422188240535,82.95897593196,1193.4521616
56,9,340.9968039125333,162.18311023500002,1121.95868148
56,10,505.4461185834667,239.980316977,935.6176360300001
56,11,541.1133936166,286.0927405,989.7147171000001
56,12,538.756240898,304.60220350000003,966.9868752
57,1,203.25126804333334,130.61867791,287.2915188
57,2,180.1081756419,115.55568948199999,309.44539186
57,3,168.10126016696668,111.489840924,265.6158858
57,4,125.00605063603335,90.46290445199999,170.54498001400003
57,5,96.44522496558001,81.16366843200001,119.30717558799999
57,6,75.08826217522001,67.6387197958,88.10151732759999
57,7,76.67128129766002,67.4801818581,82.0366618113
57,8,71.32425262441333,67.9961411715,75.572471414
57,9,77.40430802055,71.6678399712,90.4380296895
57,10,91.65974442310998,71.06149714589999,141.7847585
57,11,123.40551642045665,72.3077619324,215.65881082200002
57,12,1039.1905287310285,87.81467174999999,4478.709276789999
58,1,271.49003411169997,173.589368832,384.0390099
58,2,241.81443181960003,155.232210305,415.77618328
58,3,226.19988200049997,150.034080265,357.943774
58,4,168.18181209793332,121.925793996,229.80876149399998
58,5,130.00903418509998,109.54904473500001,160.700676058
58,6,101.27600122188333,91.24429149749999,118.744165727
58,7,103.42701953172333,91.048473792,110.64442215
58,8,96.21408437763667,91.735216089,101.85544846799999
58,9,104.32013977071666,96.67870306559999,121.46127083000002
58,10,122.84384842434334,95.76549608079999,187.695687816
58,11,164.37542760333332,96.68661318399998,286.89344429399995
58,12,1384.0139748422857,116.40479939999999,5965.11397684
59,1,1022.8130208236669,665.23400288,1442.3773942999999
59,2,898.3759887795667,575.511299909,1542.4595162000003
59,3,834.4957557804997,553.423576125,1315.2239714
59,4,621.2007666533999,448.128836869,845.89763064
59,5,477.7559707751332,401.34395786399995,592.3116724529999
59,6,371.39139612876676,334.48217733599995,436.290885712
59,7,379.04881350593337,333.663569928,405.520907544
59,8,352.6236620818334,336.120520678,373.942555573
59,9,383.6930053675334,354.26095755600005,451.214054902
59,10,458.8566664312333,351.628489574,725.987739805
59,11,623.7672538627667,364.15682163,1080.84314702
59,12,5255.544293514857,448.09892673999997,22658.684736000003
60,1,463.42928577656676,297.54514233599997,655.0718378400001
60,2,411.14061748980004,263.779467926,706.5298596
60,3,383.86993847253336,254.64102650700002,606.86402336
60,4,285.45132067590004,206.60035488399998,389.651272452
60,5,220.33606106996666,185.487456846,272.52398952799996
60,6,171.55304759563333,154.542977976,201.274843924
60,7,175.18643918146668,154.170002108,187.39419305299998
60,8,162.96613463996667,155.389827228,172.65532074
60,9,176.80624116270002,163.72407142499998,206.42616391899998
60,10,209.11381170836665,162.20762075,322.648899986
60,11,281.2034805297333,164.93505663,491.3460806080001
60,12,2368.4171975885142,199.89298953999997,10212.6981244
61,1,713.3851079363333,458.76783066,951.0785512799999
61,2,599.6870796523334,389.0190513,828.4726103999999
61,3,663.5283354396666,479.1465085,973.69464894
61,4,628.9037400459999,538.2241076800001,784.5554925
61,5,563.4944948177667,469.344177375,672.69756939
61,6,376.393830177,312.845162462,488.22939727999994
61,7,246.82665225339,153.208751738,366.256684416
61,8,156.3830754316067,121.717342496,195.11312963359998
61,9,162.2109294481933,116.08762098630001,233.7332165892
61,10,339.28241599540326,140.1755158968,865.99309808
61,11,743.9710110843333,412.90368272999996,997.2202536499999
61,12,643.8351982822858,422.60607977999996,960.93012015
62,1,323.91656483673324,208.002936922,457.83312
62,2,287.2667478151667,184.30405224,493.5810715100001
62,3,268.1934173069,177.90281184,423.8817347
62,4,199.42852846503337,144.337396922,272.19749433600003
62,5,153.92626148789998,129.542856786,190.429354245
62,6,119.84382364470002,107.957156994,140.594319732
62,7,122.37320479553334,107.77046107000001,130.966371002
62,8,113.84762004749334,108.5367601682,120.622444929
62,9,123.51622914225331,114.438293154,144.221298258
62,10,146.16244214533336,113.27953343200001,225.68028326999996
62,11,196.56126318703338,115.260429712,343.4773849
62,12,1655.498798542,139.77687449,7132.70379174
63,1,10637.195941521097,5892.668755104999,18551.799402
63,2,8177.489297199832,4929.177722425,14321.1706426
63,3,8724.936540555433,6495.453377868,12180.593214
63,4,7649.982444984932,6108.157816212,10204.976290669998
63,5,8335.777403215565,6011.186232924,10179.14286096
63,6,6732.149706879732,5998.441148360001,8174.833219440001
63,7,4803.8053675038,3304.7291202520005,6262.1285627180005
63,8,2307.8539406245004,1575.5163405359997,3192.047654976
63,9,2164.1407791953,1541.699691666,3585.5634212160003
63,10,5901.294974857267,2751.7825619550003,12702.491601799999
63,11,8976.693710785068,5034.590739738,13031.037554999999
63,12,8912.009121570114,5155.358517680001,15532.6330608
64,1,10637.195941521097,5892.668755104999,18551.799402
64,2,8177.489297199832,4929.177722425,14321.1706426
64,3,8724.936540555433,6495.453377868,12180.593214
64,4,7649.982444984932,6108.157816212,10204.976290669998
64,5,8335.777403215565,6011.186232924,10179.14286096
64,6,6732.149706879732,5998.441148360001,8174.833219440001
64,7,4803.8053675038,3304.7291202520005,6262.1285627180005
64,8,2307.8539406245004,1575.5163405359997,3192.047654976
64,9,2164.1407791953,1541.699691666,3585.5634212160003
64,10,5901.294974857267,2751.7825619550003,12702.491601799999
64,11,8976.693710785068,5034.590739738,13031.037554999999
64,12,8912.009121570114,5155.358517680001,15532.6330608
65,1,4739.195607684534,2625.4895187839998,8262.9022522
65,2,5265.614664629266,3202.2345338640002,9301.9047875
65,3,5868.621825707133,4368.339887730001,8194.8318777
65,4,4883.819335396034,3897.171927648,6514.5783040000015
65,5,5238.234910040001,3777.4174820340004,6393.069000239999
65,6,4479.526144969166,4001.73973952,5457.480079339999
65,7,3606.7956466546993,2495.934528116,4689.322787495999
65,8,1519.7806320385,1019.9956785580001,2411.151785946
65,9,1326.2267664804,938.8065637440001,2182.647009726
65,10,3297.6783248463003,1525.038164496,7041.697252800001
65,11,6166.243378974367,3578.382106002,9256.831289499998
65,12,5921.040948031885,3385.366742388,11037.8010344
66,1,4739.195607684534,2625.4895187839998,8262.9022522
66,2,5265.614664629266,3202.2345338640002,9301.9047875
66,3,5868.621825707133,4368.339887730001,8194.8318777
66,4,4883.819335396034,3897.171927648,6514.5783040000015
66,5,5238.234910040001,3777.4174820340004,6393.069000239999
66,6,4479.526144969166,4001.73973952,5457.480079339999
66,7,3606.7956466546993,2495.934528116,4689.322787495999
66,8,1519.7806320385,1019.9956785580001,2411.151785946
66,9,1326.2267664804,938.8065637440001,2182.647009726
66,10,3297.6783248463003,1525.038164496,7041.697252800001
66,11,6166.243378974367,3578.382106002,9256.831289499998
66,12,5921.040948031885,3385.366742388,11037.8010344
67,1,9305.581843984668,6169.92337008,13609.244801100001
67,2,7356.177796988533,5091.751063125,11210.545692
67,3,7771.433077579001,5873.85219273,11124.281879199998
67,4,6708.831799223565,4784.788164684001,8921.7865529
67,5,4541.1604649293895,3841.3231952469,6397.17922844
67,6,3528.0606942118297,2936.7193865499003,4872.1809006846
67,7,2267.91206185057,1764.46636311,2861.1372314889
67,8,1549.8502678523334,1429.4549796,1749.851825672
67,9,1872.1362528636002,1441.7482950239998,3915.4553625890003
67,10,5109.445929102532,2686.8751673760003,8086.884307740001
67,11,9231.9096370738,5958.522634284001,14456.50688
67,12,8890.32273386257,5855.17092281,14609.915993699997
68,1,9305.581843984668,6169.92337008,13609.244801100001
68,2,7356.177796988533,5091.751063125,11210.545692
68,3,7771.433077579001,5873.85219273,11124.281879199998
68,4,6708.831799223565,4784.788164684001,8921.7865529
68,5,4541.1604649293895,3841.3231952469,6397.17922844
68,6,3528.0606942118297,2936.7193865499003,4872.1809006846
68,7,2267.91206185057,1764.46636311,2861.1372314889
68,8,1549.8502678523334,1429.4549796,1749.851825672
68,9,1872.1362528636002,1441.7482950239998,3915.4553625890003
68,10,5109.445929102532,2686.8751673760003,8086.884307740001
68,11,9231.9096370738,5958.522634284001,14456.50688
68,12,8890.32273386257,5855.17092281,14609.915993699997
69,1,3915.8261313766666,2644.9124850000003,6577.434981
69,2,3280.3039115166666,2170.5125,4526.4638475
69,3,4482.587626253333,2682.137151,8916.92774
69,4,2316.7079368799996,1432.7434368,3495.5234535
69,5,1148.8887352883332,841.0544368799999,1481.4801902
69,6,885.3795983417332,702.6986410659999,1114.85804801
69,7,699.8344361146701,573.9601313250001,942.15164771
69,8,2899.3226008,706.81218441,10213.426266010001
69,9,2912.64248119,1382.718107,9599.91099221
69,10,4330.164427868667,2049.3310128,8032.8445053
69,11,4663.446016173332,2455.9454608,8555.198867
69,12,4674.399861282858,2640.384188,8409.633987
70,1,4857.973982879,3283.7806115400003,8310.9348912
70,2,3202.260707483666,2078.2412585499997,4427.52024065
70,3,4091.1255695330005,2438.9471333500005,8232.9356832
70,4,2023.4503842873335,1250.7262171599998,3055.22079779
70,5,993.8064237176001,723.344303968,1285.5321982799999
70,6,641.4809956577667,501.20979126000003,807.67620054
70,7,496.0155646874667,406.012714822,669.441159522
70,8,1940.4638058452667,499.57048983999994,6979.751740650001
70,9,2134.2151659306664,987.18381744,7236.58928028
70,10,3222.0243616946673,1423.3367417400002,6228.2833145
70,11,4292.33442764,1987.3504062,8372.7991524
70,12,6707.800728351714,3847.71064026,13507.7783116
71,1,4857.973982879,3283.7806115400003,8310.9348912
71,2,3202.260707483666,2078.2412585499997,4427.52024065
71,3,4091.1255695330005,2438.9471333500005,8232.9356832
71,4,2023.4503842873335,1250.7262171599998,3055.22079779
71,5,993.8064237176001,723.344303968,1285.5321982799999
71,6,641.4809956577667,501.20979126000003,807.67620054
71,7,496.0155646874667,406.012714822,669.441159522
71,8,1940.4638058452667,499.57048983999994,6979.751740650001
71,9,2134.2151659306664,987.18381744,7236.58928028
71,10,3222.0243616946673,1423.3367417400002,6228.2833145
71,11,4292.33442764,1987.3504062,8372.7991524
71,12,6707.800728351714,3847.71064026,13507.7783116
72,1,2542.445299921927,1746.1949482600003,4168.26227626
72,2,2173.6517651699,1470.791268648,2966.979911566
72,3,3051.303944837933,1875.1999738920001,5954.4351166999995
72,4,1647.5619608016668,1033.7405789,2451.8792778480006
72,5,833.5025593068434,611.998656928,1070.64404947
72,6,643.6270446851369,510.0638056848,810.9701891422001
72,7,505.8576149583033,416.37351440159995,677.5233521436
72,8,2048.5811696257633,508.8083119878,7121.775595200001
72,9,2070.0189314006666,990.4991259799999,6730.201597200001
72,10,3056.533546346967,1468.9787995499998,5600.191224975
72,11,3219.466698166933,1735.0286909339998,5807.158966352
72,12,3097.218210079069,1767.1637871767996,5467.25626983
73,1,2332.575619126667,1577.5963996000003,3910.1942349
73,2,1960.0636320066665,1300.3512739,2702.0863792
73,3,2688.8008820499995,1613.4028092,5338.8546801
73,4,1396.8030888766668,865.460134,2104.7389424000003
73,5,694.4256243605334,508.49529204199996,894.7699862
73,6,535.4175481488667,424.86740874,674.0850456
73,7,423.1555648889766,347.2461186982,569.346828347
73,8,1748.7932366459331,427.24326889800005,6155.06702448
73,9,1756.9787564139,835.146066496,5783.4492744
73,10,2606.134672184,1236.9781412999998,4828.0162104
73,11,2795.111860259,1476.358107,5117.687838000001
73,12,2788.3577143028574,1576.2935552,5006.387664
74,1,4981.746069612884,2392.7670026,9355.97385451
74,2,3633.186232078633,2218.6085712,7189.01250634
74,3,4012.224689197833,2739.76018129,5784.74245636
74,4,3502.9975655743333,3004.7512906559996,4926.992755337
74,5,3678.9122194667298,2924.311575575,4808.04079868
74,6,3508.7266581134163,3093.3109247315,4052.10163014
74,7,2322.8115866882004,1610.9556433559999,3121.9237990941
74,8,1203.544441628967,887.6777172449999,1557.564697426
74,9,857.8778187286167,774.34531064,1014.7713558010001
74,10,1985.126227125667,1013.207914532,4474.073475839999
74,11,57136.5815440827,1698.604870014,306273.96022049995
74,12,187368.18557945304,2401.5591708240004,358465.344642
75,1,4981.746069612884,2392.7670026,9355.97385451
75,2,3633.186232078633,2218.6085712,7189.01250634
75,3,4012.224689197833,2739.76018129,5784.74245636
75,4,3502.9975655743333,3004.7512906559996,4926.992755337
75,5,3678.9122194667298,2924.311575575,4808.04079868
75,6,3508.7266581134163,3093.3109247315,4052.10163014
75,7,2322.8115866882004,1610.9556433559999,3121.9237990941
75,8,1203.544441628967,887.6777172449999,1557.564697426
75,9,857.8778187286167,774.34531064,1014.7713558010001
75,10,1985.126227125667,1013.207914532,4474.073475839999
75,11,57136.5815440827,1698.604870014,306273.96022049995
75,12,187368.18557945304,2401.5591708240004,358465.344642
76,1,19020.678117496667,12510.1081417,27835.335327800003
76,2,15278.333528386667,10612.919700800001,23318.608924
76,3,16146.967624046667,12182.3537943,23141.60132
76,4,13774.333331339998,9757.9139392,18386.246209999998
76,5,9213.142923906667,7775.5688775,13010.8498832
76,6,7143.167267503,5959.25970078,9851.8155852
76,7,4626.524266304,3622.5818064,5813.7601158
76,8,3197.8949639899993,2958.7808019,3594.3444494999994
76,9,3884.900601494333,2990.49186828,8118.541772399999
76,10,10523.716112172,5562.30218048,16580.379158
76,11,18754.57259534,12091.9655142,29202.566647800002
76,12,17924.386329254285,11834.0684676,29397.360942000003
77,1,19020.678117496667,12510.1081417,27835.335327800003
77,2,15278.333528386667,10612.919700800001,23318.608924
77,3,16146.967624046667,12182.3537943,23141.60132
77,4,13774.333331339998,9757.9139392,18386.246209999998
77,5,9213.142923906667,7775.5688775,13010.8498832
77,6,7143.167267503,5959.25970078,9851.8155852
77,7,4626.524266304,3622.5818064,5813.7601158
77,8,3197.8949639899993,2958.7808019,3594.3444494999994
77,9,3884.900601494333,2990.49186828,8118.541772399999
77,10,10523.716112172,5562.30218048,16580.379158
77,11,18754.57259534,12091.9655142,29202.566647800002
77,12,17924.386329254285,11834.0684676,29397.360942000003
78,1,7265.921708928332,4917.28174848,12423.6443772
78,2,4765.343858502,3084.72728361,6590.7288652
78,3,6064.100384403665,3609.06088128,12215.485484399998
78,4,2990.0046585953337,1846.2768309600003,4520.14302625
78,5,1465.6995650053336,1066.50230456,1896.8571981
78,6,945.5052982876666,738.7257771000001,1190.49328071
78,7,731.2199827466666,598.033550436,987.50077547
78,8,2871.4218595489338,736.921275678,10340.6105691
78,9,3164.287649309,1461.1255563,10737.45475
78,10,4809.016948751667,2113.37133509,9315.992933
78,11,6443.968760113333,2969.6641053,12577.206106
78,12,10069.950032858571,5773.93480092,20239.197790899998
79,1,7265.921708928332,4917.28174848,12423.6443772
79,2,4765.343858502,3084.72728361,6590.7288652
79,3,6064.100384403665,3609.06088128,12215.485484399998
79,4,2990.0046585953337,1846.2768309600003,4520.14302625
79,5,1465.6995650053336,1066.50230456,1896.8571981
79,6,945.5052982876666,738.7257771000001,1190.49328071
79,7,731.2199827466666,598.033550436,987.50077547
79,8,2871.4218595489338,736.921275678,10340.6105691
79,9,3164.287649309,1461.1255563,10737.45475
79,10,4809.016948751667,2113.37133509,9315.992933
79,11,6443.968760113333,2969.6641053,12577.206106
79,12,10069.950032858571,5773.93480092,20239.197790899998
80,1,174937.92027596667,123219.41124,226335.66617600003
80,2,154517.20432503335,116321.83508399999,199623.870156
80,3,155937.2329361333,130390.81293599999,201028.430325
80,4,143838.17930127,126275.55562500001,161538.0660039
80,5,144569.85652713335,111247.937217,172190.12661920002
80,6,128983.93652138,116094.6046854,149378.98240699997
80,7,125315.99058229667,93712.52136600002,160476.21853779998
80,8,73308.26784308333,55358.254079000006,93331.822185
80,9,65587.14204650333,53941.346867700006,79579.793368
80,10,103774.12824425334,72900.86867240001,174547.414002
80,11,161804.4409993067,117685.25860750001,210511.15849399997
80,12,153476.70712034,104506.32005659999,245038.823625
81,1,174937.92027596667,123219.41124,226335.66617600003
81,2,154517.20432503335,116321.83508399999,199623.870156
81,3,155937.2329361333,130390.81293599999,201028.430325
81,4,143838.17930127,126275.55562500001,161538.0660039
81,5,144569.85652713335,111247.937217,172190.12661920002
81,6,128983.93652138,116094.6046854,149378.98240699997
81,7,125315.99058229667,93712.52136600002,160476.21853779998
81,8,73308.26784308333,55358.254079000006,93331.822185
81,9,65587.14204650333,53941.346867700006,79579.793368
81,10,103774.12824425334,72900.86867240001,174547.414002
81,11,161804.4409993067,117685.25860750001,210511.15849399997
81,12,153476.70712034,104506.32005659999,245038.823625
82,1,83406.6497442,53700.175319999995,111209.70519899999
82,2,70034.3119704,45459.227934,96717.99275
82,3,77320.93491183335,55899.495467999994,113380.46294400001
82,4,73173.21689343333,62612.273375000004,91319.815896
82,5,65449.195285,54500.109529999994,78112.652051
82,6,43654.02963376001,36269.1641214,56708.784027999995
82,7,28576.24017707467,17727.48961776,42415.9792235
82,8,18083.169308756667,14072.228130959998,22568.3234108
82,9,18783.32330581633,13421.57629749,27078.806139
82,10,39419.608375216674,16277.152065999999,100585.605982
82,11,86740.05882739999,48170.602725,116158.911184
82,12,75273.04583585713,49464.63024,112129.22749
83,1,83406.6497442,53700.175319999995,111209.70519899999
83,2,70034.3119704,45459.227934,96717.99275
83,3,77320.93491183335,55899.495467999994,113380.46294400001
83,4,73173.21689343333,62612.273375000004,91319.815896
83,5,65449.195285,54500.109529999994,78112.652051
83,6,43654.02963376001,36269.1641214,56708.784027999995
83,7,28576.24017707467,17727.48961776,42415.9792235
83,8,18083.169308756667,14072.228130959998,22568.3234108
83,9,18783.32330581633,13421.57629749,27078.806139
83,10,39419.608375216674,16277.152065999999,100585.605982
83,11,86740.05882739999,48170.602725,116158.911184
83,12,75273.04583585713,49464.63024,112129.22749
84,1,51603.85813924333,28728.964332199997,75218.37253
84,2,31250.97478325667,17978.681415000003,57489.066558
84,3,40936.071882406664,25670.359995,65590.244874
84,4,28611.224572289993,21485.41791,35361.3986208
84,5,22192.97482393333,16601.7116052,34344.3343628
84,6,14510.863155680001,11222.582265000001,19182.785904
84,7,10017.743314023333,6416.152464,15681.259977599999
84,8,6544.181339516666,5281.7761976,8110.3691821
84,9,11066.447480609999,5418.1959832,19750.6146195
84,10,20000.620398246665,6464.7038148,56275.1856
84,11,44305.837527359996,20142.9925396,73924.22763
84,12,47474.618234688576,28161.605382600002,102882.427437
85,1,51603.85813924333,28728.964332199997,75218.37253
85,2,31250.97478325667,17978.681415000003,57489.066558
85,3,40936.071882406664,25670.359995,65590.244874
85,4,28611.224572289993,21485.41791,35361.3986208
85,5,22192.97482393333,16601.7116052,34344.3343628
85,6,14510.863155680001,11222.582265000001,19182.785904
85,7,10017.743314023333,6416.152464,15681.259977599999
85,8,6544.181339516666,5281.7761976,8110.3691821
85,9,11066.447480609999,5418.1959832,19750.6146195
85,10,20000.620398246665,6464.7038148,56275.1856
85,11,44305.837527359996,20142.9925396,73924.22763
85,12,47474.618234688576,28161.605382600002,102882.427437
86,1,2384.0608614156667,1607.51384808,4151.871889460001
86,2,1970.0002313323337,1342.12510464,3722.2978572
86,3,2282.541375691333,1662.56578475,3580.37516477
86,4,1823.273975638,1186.9167473100001,2487.97283393
86,5,1136.0929965197668,689.879354232,2018.6988709199998
86,6,895.2165951231699,610.2740602929999,1326.1160969250002
86,7,525.9487799977834,352.5997843472,1013.9942346000001
86,8,317.35986202778656,270.97959536909997,375.15999880559997
86,9,427.9683099114134,272.7674121038,697.065587499
86,10,860.63528229148,412.0388704932,2553.43719774
86,11,2254.333744085334,1164.10732806,3206.40360618
86,12,2205.327359363143,1573.38691109,4194.69199695
87,1,1914.4930450450001,1096.90608161,2906.0880260500003
87,2,1557.4527113126671,1083.26678812,2564.81327135
87,3,1468.8626587406666,1142.95370672,1893.92640828
87,4,1411.292150608,1206.7606474000002,1787.3400545
87,5,2075.1217761313333,1352.6123769199999,2651.4155736000002
87,6,1750.088552822667,1550.81714608,2195.98894324
87,7,1409.1560797830002,1026.236211,1787.4739423199999
87,8,754.7253824582,552.0770173640001,996.39378895
87,9,570.2753931918334,523.136208925,619.95403225
87,10,804.7791761252666,531.985667537,1583.2081440000002
87,11,1455.2470999783332,951.33357396,2511.72582612
87,12,1663.1696637314285,991.1005052799999,3292.94862998
88,1,2225.087575988,1499.96039075,3874.6667431999995
88,2,1838.5856665080003,1252.18104768,3474.3161419200005
88,3,2130.144606998,1551.29478021,3341.7995004
88,4,1701.4785725256666,1107.5732109,2322.1749848
88,5,1060.029710162033,643.7949025199999,1884.1557546499998
88,6,835.2351619627133,569.316959861,1237.684717365
88,7,490.64944736899,328.9197429741,946.0337744
88,8,296.03754663453674,252.757245133,350.0460704325
88,9,399.23680211952666,254.4843185136,650.423244736
88,10,802.9612711074566,384.3780555849,2382.8435007499997
88,11,2104.0307390406674,1086.618711,2993.13841023
88,12,2058.399134691715,1468.74647724,3915.5692294
89,1,5924.623267979667,3419.3013717000003,8406.536123999998
89,2,4737.598269122,3096.38737964,7484.226156000001
89,3,5352.991506101334,4046.2231663000002,7935.749055000001
89,4,5134.978442916666,4304.014588499999,6129.728186159999
89,5,4796.044165444332,3803.1114702,5594.08963014
89,6,3508.0747863353,2995.57279357,4495.427719439999
89,7,2539.1849677592663,1790.5555203380002,3459.612160131
89,8,1568.055939588333,1191.2795045799999,1890.248153598
89,9,1657.2608428590001,1236.56895414,2626.81637796
89,10,2775.775973579833,1505.8532784,5250.789410080001
89,11,5130.016610529066,2975.2732988189996,7080.487573
89,12,5326.596798447429,3418.27697875,8452.2156184
90,1,1012.1818707563333,682.71811434,1761.87509503
90,2,836.6598649360001,570.12154992,1580.2631097
90,3,969.3306013713334,706.25428134,1519.95890646
90,4,774.4421968083335,504.416682,1056.1657906799999
90,5,482.75946298889005,293.20618820849995,857.89815848
90,6,380.5603382409999,259.451449784,563.7756526661
90,7,223.64741906145338,149.96499329440002,431.21346805300004
90,8,134.96442678758999,115.22670301349999,159.5291046784
90,9,181.98725524836001,116.02907034400002,296.360464114
90,10,365.80419826196675,175.15948577999998,1085.2964358000002
90,11,957.3361455091334,494.500058325,1361.64592872
90,12,936.2838050408571,668.37667768,1780.3368332100001
91,1,53182.162616366666,30931.489344600002,75133.647312
91,2,42634.15213912333,27991.899402600004,67022.5097808
91,3,48085.92521771667,36489.322323299995,70868.982116
91,4,46079.33605896668,38697.436379499995,54902.513380799996
91,5,42885.24214664333,34145.1866777,49934.9395671
91,6,31365.308255253334,26823.965728199997,40204.70737000001
91,7,22728.247674498,16061.032571639998,30927.915081000003
91,8,14082.953862862667,10709.123497810002,16965.20613174
91,9,14911.128889951335,11118.85799255,23590.19855773
91,10,24977.88769500067,13591.530126720001,47007.60062278
91,11,46042.194215689,26888.607710019995,63210.27666464
91,12,47885.67388872685,30919.491926400002,75327.77667199999
92,1,53182.162616366666,30931.489344600002,75133.647312
92,2,42634.15213912333,27991.899402600004,67022.5097808
92,3,48085.92521771667,36489.322323299995,70868.982116
92,4,46079.33605896668,38697.436379499995,54902.513380799996
92,5,42885.24214664333,34145.1866777,49934.9395671
92,6,31365.308255253334,26823.965728199997,40204.70737000001
92,7,22728.247674498,16061.032571639998,30927.915081000003
92,8,14082.953862862667,10709.123497810002,16965.20613174
92,9,14911.128889951335,11118.85799255,23590.19855773
92,10,24977.88769500067,13591.530126720001,47007.60062278
92,11,46042.194215689,26888.607710019995,63210.27666464
92,12,47885.67388872685,30919.491926400002,75327.77667199999
93,1,2286.4578282326675,1540.7598131099999,3985.4424171
93,2,1887.890198961333,1284.73153809,3571.65437771
93,3,2186.9187999656665,1591.79238624,3432.4456451399997
93,4,1746.0007376643334,1135.7285748,2383.6875725
93,5,1086.3888149061665,659.0870805,1932.7330527000001
93,6,854.9616677049502,582.522838116,1267.5664522000002
93,7,501.81993255423674,336.3543646836,967.9230961500001
93,8,302.6657559586666,258.372219136,357.8515998648
93,9,408.3144424011632,260.160443766,665.2817469920001
93,10,822.4839284822999,393.36552731999996,2444.17068455
93,11,2161.1778587233334,1114.4431752,3075.24201752
93,12,2115.264794984,1508.35190534,4029.03013459
94,1,5508.7529883376665,3705.32891055,9625.7463272
94,2,4540.945173581,3086.0297944,8616.3251409
94,3,5256.999037222001,3820.9725531599997,8266.705374300001
94,4,4192.4142214426665,2720.96592339,5732.0790403
94,5,2600.072955728333,1574.22317677,4637.844169
94,6,2039.9368538633332,1388.15733273,3028.1266689999998
94,7,1195.0408418446666,800.7914630399999,2307.19011512
94,8,720.0144595251166,614.5364626625,851.43043381
94,9,972.3164134464333,618.832000754,1585.7524785199998
94,10,1965.777134597,937.7483560000001,5859.141361
94,11,5202.677834934666,2676.0318677200003,7409.337627999998
94,12,5097.933380494858,3628.67265842,9738.559289499999
95,1,5508.7529883376665,3705.32891055,9625.7463272
95,2,4540.945173581,3086.0297944,8616.3251409
95,3,5256.999037222001,3820.9725531599997,8266.705374300001
95,4,4192.4142214426665,2720.96592339,5732.0790403
95,5,2600.072955728333,1574.22317677,4637.844169
95,6,2039.9368538633332,1388.15733273,3028.1266689999998
95,7,1195.0408418446666,800.7914630399999,2307.19011512
95,8,720.0144595251166,614.5364626625,851.43043381
95,9,972.3164134464333,618.832000754,1585.7524785199998
95,10,1965.777134597,937.7483560000001,5859.141361
95,11,5202.677834934666,2676.0318677200003,7409.337627999998
95,12,5097.933380494858,3628.67265842,9738.559289499999
96,1,1772.289647294,1194.498162,3087.3675859
96,2,1464.1203402836666,997.16984785,2767.7764009600005
96,3,1696.2059869920001,1235.2708324999999,2661.5221178399997
96,4,1354.6418913943335,881.53909248,1848.6166373999997
96,5,843.6341951894335,512.051634496,1499.8431146100002
96,6,664.3903171318466,452.8037755292,984.7775330040001
96,7,390.22026926331665,261.60590252159994,752.5580462820001
96,8,235.4037174656366,200.9515016828,278.2991365226
96,9,317.51658073156335,202.3790371816,517.1830603840001
96,10,638.8999684678066,305.68594451219997,1896.7281460000002
96,11,1675.7045430126666,864.84106684,2383.9270128900002
96,12,1639.4562929697142,1169.58283497,3119.91011735
97,1,8027.122193703332,5395.878054,14047.777010099999
97,2,6611.548675283335,4487.4326471,12562.2299238
97,3,7652.5764085966675,5555.2422851,12048.210893200001
97,4,6098.977380665336,3953.81942196,8344.0877432
97,5,3775.748393039334,2284.3210405299997,6738.279219999999
97,6,2958.004615276,2012.4698546400002,4392.0879186600005
97,7,1731.1916266279998,1159.0811469,3344.10520452
97,8,1042.5648385236666,889.5362560000001,1233.1324872
97,9,1408.3723874026666,895.9400309999999,2298.0488671800003
97,10,2852.827882814333,1359.1549331200001,8513.6490156
97,11,7577.044146201666,3891.9862975399997,10790.908490000002
97,12,7428.383665008572,5284.1484282,14216.123708699999
98,1,57916.047801203335,35348.548035,84622.744827
98,2,37861.84598506666,25888.287525000007,64345.215104999996
98,3,46293.60615595666,25620.1631097,77050.008888
98,4,27688.60811345,16764.8809272,48797.6234375
98,5,10214.63654826,6309.146195040001,21423.450743999998
98,6,4696.549344598334,3290.6259081600006,9358.547486599999
98,7,2378.372144356333,1432.2147275,3599.7912818900004
98,8,1138.3859288616666,898.50850278,1578.1858876
98,9,4297.885714879,1116.41628532,18159.4518212
98,10,20198.456091810003,5925.898227320001,57836.2783684
98,11,45254.41293378,23766.594755000002,71896.9302723
98,12,46641.97787934856,31359.021985199997,89341.560249
99,1,3755.2692903246666,2150.76107156,5702.066784
99,2,3053.144487657334,2123.0255428,5028.08842915
99,3,2878.003630607667,2239.32483008,3710.15086136
99,4,2764.6355357036664,2363.4256966400003,3500.0109710699994
99,5,4065.2046673073337,2650.37509492,5195.074421220001
99,6,3428.5779365233334,3038.1230048,4302.77598288
99,7,2760.014751631334,2010.1782259999998,3500.85003944
99,8,1477.8747766616664,1080.89496424,1951.57014382
99,9,1116.698646654,1024.2040806900002,1213.51277778
99,10,1577.1698176656666,1042.1040783300002,3104.6441361300003
99,11,2854.341452208,1865.31013026,4928.087804219999
99,12,3263.1409668300003,1944.09839232,6461.1901394
100,1,9276.961148236665,5316.03159674,14090.656668900001
100,2,8811.618192579666,6152.608829,14582.8369984
100,3,8654.546918409333,6731.6208972,11158.90835856
100,4,7488.108590827001,6399.03588556,9475.879315130001
100,5,9952.308667222998,6582.21995806,12704.576276
100,6,8799.117812313334,7816.805331680001,10528.807724
100,7,6795.655119367,4938.1611859800005,8599.705795999998
100,8,3785.052670924,2780.0779967999997,4828.0901116
100,9,3350.511134806334,2794.51074266,3695.95515554
100,10,4802.312219654666,3169.52323566,9452.27597324
100,11,7525.051565252,4823.54436495,12747.9338469
100,12,8115.359449863429,4798.323686319999,15959.027642000001
101,1,9276.961148236665,5316.03159674,14090.656668900001
101,2,8811.618192579666,6152.608829,14582.8369984
101,3,8654.546918409333,6731.6208972,11158.90835856
101,4,7488.108590827001,6399.03588556,9475.879315130001
101,5,9952.308667222998,6582.21995806,12704.576276
101,6,8799.117812313334,7816.805331680001,10528.807724
101,7,6795.655119367,4938.1611859800005,8599.705795999998
101,8,3785.052670924,2780.0779967999997,4828.0901116
101,9,3350.511134806334,2794.51074266,3695.95515554
101,10,4802.312219654666,3169.52323566,9452.27597324
101,11,7525.051565252,4823.54436495,12747.9338469
101,12,8115.359449863429,4798.323686319999,15959.027642000001
102,1,29921.91675466667,19904.022471,39570.4716824
102,2,22518.23144697333,15279.519617200001,34805.692205399995
102,3,21295.132285166666,16758.4268288,27790.813231800003
102,4,19631.875164626665,17254.3044261,23767.040682
102,5,22920.48124067333,17920.4173794,27720.446648399997
102,6,17591.849493526664,15936.931197,22766.1206904
102,7,13965.44977638,9956.5097788,17766.5622716
102,8,7072.744020294001,4953.66477694,9815.3919435
102,9,5731.379541056334,4712.29340276,7703.7561842000005
102,10,11250.715275382669,6034.194719700001,25355.956850000002
102,11,23922.290908563336,14831.349123499998,42810.4426029
102,12,26969.773543662854,17168.856243000002,46168.980703999994
103,1,29921.91675466667,19904.022471,39570.4716824
103,2,22518.23144697333,15279.519617200001,34805.692205399995
103,3,21295.132285166666,16758.4268288,27790.813231800003
103,4,19631.875164626665,17254.3044261,23767.040682
103,5,22920.48124067333,17920.4173794,27720.446648399997
103,6,17591.849493526664,15936.931197,22766.1206904
103,7,13965.44977638,9956.5097788,17766.5622716
103,8,7072.744020294001,4953.66477694,9815.3919435
103,9,5731.379541056334,4712.29340276,7703.7561842000005
103,10,11250.715275382669,6034.194719700001,25355.956850000002
103,11,23922.290908563336,14831.349123499998,42810.4426029
103,12,26969.773543662854,17168.856243000002,46168.980703999994
104,1,51238.306182730004,31271.807952000003,74864.683894
104,2,33537.58572004,22944.64128,56996.343768000006
104,3,41039.14151245667,22718.319264600002,68291.17493250001
104,4,24558.94611821,14871.126937500001,43278.91681259999
104,5,9066.297503805667,5602.1012406,19014.251755600002
104,6,4169.894921990667,2922.81735772,8306.296929600001
104,7,2112.8353789663333,1272.51686597,3197.8234415599995
104,8,1011.4867082546665,798.22617874,1402.1718184299998
104,9,3814.9239421709995,992.02540995,16108.432674000001
104,10,17901.395164861337,5257.94975984,51229.105101299996
104,11,40039.49534146334,21041.689248299997,63581.6312961
104,12,41242.62303786,27732.4311264,78946.595145
105,1,8505.144481190668,4872.16933956,12917.826645599998
105,2,6909.377426999666,4801.70291692,11379.39149
105,3,6508.615542400001,5062.01673562,8390.5840266
105,4,6250.451420617333,5343.13735032,7914.8580511
105,5,9191.988517983333,5990.08805112,11746.0656944
105,6,7752.218660133333,6867.323580599999,9729.38358
105,7,6239.291482069335,4543.73234908,7919.1564167999995
105,8,3340.027353488666,2443.18875696,4410.19794489
105,9,2524.3434717033333,2316.09056763,2743.2971288800004
105,10,3567.759524195666,2356.63056505,7025.700602
105,11,6463.672898025666,4223.4196566,11167.1062743
105,12,7392.603876481429,4403.00620048,14641.3913748
106,1,879.0483996890333,503.56089192,1334.8662267599998
106,2,715.0889141444334,497.305813896,1177.23899664
106,3,674.4227544166,524.6526398249999,869.7432066400002
106,4,647.9533787468333,553.918703675,820.42192944
106,5,952.6072615275667,621.224782202,1217.29835584
106,6,803.5738188983335,712.22693998,1008.16731687
106,7,646.9970832235665,471.2134150569999,820.6711080800001
106,8,346.47072577523335,253.45146409499998,457.44739528499997
106,9,261.8002491344,240.178064418,284.55298122000005
106,10,369.5031005236667,244.212983146,726.8887975600001
106,11,668.2515315406666,436.77855305799994,1153.4838835199998
106,12,763.6514400813429,455.042512575,1511.74658012
107,1,115.54349319399998,115.543493194,115.543493194
107,2,115.72828497193332,115.498791648,122.33888981999999
107,3,123.05782124999999,123.05782125,123.05782125
107,4,110.92640927059998,110.733480902,116.52133196
107,5,102.50371504733333,102.44649987,104.16295519
107,6,99.35795069810001,98.45060102499998,102.44649987
107,7,93.96403647996664,93.69835776,99.280050716
107,8,89.35628645859998,89.006804794,93.69835776
107,9,90.6369267742,89.006804794,90.81856758
107,10,97.56235829173332,90.81856758,98.45097007999999
107,11,109.95028745306666,98.45097007999999,111.936242288
107,12,117.08108717605717,111.936242288,117.805193557
108,1,2.2174238197000005,2.2174238197,2.2174238197
108,2,2.0608771520863334,2.0507595481200003,2.2174238197
108,3,2.443191022670001,2.44319102267,2.44319102267
108,4,1.6631370903030003,1.6545606303599998,1.9118544286499997
108,5,1.1554698242630002,1.1509957265000001,1.2852186593900001
108,6,0.9902987125506669,0.9839886912900001,1.1509957265000001
108,7,0.8695271705369997,0.86237343864,0.9839886912900001
108,8,0.9368470189919998,0.86237343864,0.95814693072
108,9,0.9177418266926668,0.9137516688899999,0.9499873249999999
108,10,0.9622938042886668,0.9137516688899999,0.9696493923999999
108,11,1.7882732331296665,0.9696493923999999,1.9317472069300001
108,12,2.4989989250365707,1.9317472069300001,2.58108946232
109,1,107.85412877999997,107.85412878,107.85412878
109,2,105.26079931559998,104.921121468,112.178449584
109,3,114.72220216999999,114.72220217,114.72220217
109,4,99.91713838783329,99.745883149,104.883540314
109,5,93.52104002183333,93.49499402,94.27637407499999
109,6,90.48074683799996,90.366412564,93.49499402
109,7,91.36061562983329,90.366412564,91.80967997100001
109,8,91.00490302906664,90.955863496,91.57860674
109,9,90.09726372266665,89.989328098,90.955863496
109,10,92.65302545073331,89.989328098,93.03243321800001
109,11,100.14419675359999,93.03243321800001,101.32149705100001
109,12,108.98027943197144,101.32149705100001,110.029818752
110,1,118.733079568,118.733079568,118.733079568
110,2,106.54535980923333,105.816712158,118.733079568
110,3,114.32632563600002,114.32632563599999,114.32632563599999
110,4,100.16435947573328,99.986557208,105.32062524
110,5,89.39762955706668,89.316702648,91.74450992
110,6,83.80772841266668,83.113910612,89.316702648
110,7,86.65610722293334,83.63575854,86.78538432
110,8,82.37701909699999,81.982357252,86.78538432
110,9,75.91595169326663,75.189729328,81.982357252
110,10,82.00697983733335,75.189729328,82.871566992
110,11,106.1039738056,82.871566992,110.069574313
110,12,122.28701340525713,110.069574313,124.05889089
111,1,424.76020418,424.76020418,424.76020418
111,2,414.4942227633335,413.66983104,427.3112095999999
111,3,429.4572484399999,429.45724844,429.45724844
111,4,307.24929589766657,306.20724236999996,337.4688482
111,5,239.36857617313322,238.746491632,257.409027866
111,6,209.61840776343328,208.42096736199997,238.746491632
111,7,193.3105597388,192.624522559,208.42096736199997
111,8,189.67457600000003,189.330161062,193.07388620799998
111,9,194.7094935843333,189.330161062,195.31595452400003
111,10,220.6453014040667,195.31595452400003,223.91269155
111,11,311.94496680799995,223.91269155,326.2809924
111,12,411.74528149085717,326.2809924,424.3849281
